cookie_id,score
ck_315fb710a0e371e7,0.018912057658095324
ck_a76ee3b3e3e522fd,0.431701872070195
ck_94c9a4d382689e82,0.3043785700533286
ck_8eaf9509ad9462a0,0.024975486854371592
ck_9a88a5a989cb5bc6,0.05686743672035183
ck_15239ef0689c1a35,0.05301362530481408
ck_8de69cd219d3b87f,0.5700406085689053
ck_f92cd37022b0ce21,0.05767232673289068
ck_1a3ff7620580a514,0.05145600311290431
ck_397c03aa33a57310,0.6455533662744729
ck_a7cf6c3b322f6b7a,0.0958235045769303
ck_c39a9e75760e3201,0.021907223149420656
ck_88ab6d245228c38e,0.011686661030830216
ck_17733f75ebdea93e,0.027297908346193105
ck_58eb871e8d7bed52,0.043490701950576124
ck_e55b7fa67db1ec27,0.012936386137355264
ck_62f5cfe22c952694,0.027644011977899157
ck_7fbb709a0fe95759,0.01490600940376926
ck_87abe9cd066a20fb,0.31287549723099195
ck_d58e058b5c553dd5,0.035834663814898304
ck_d27b872648b71202,0.056406856464506494
ck_4b4a3c5b95c55b43,0.009956634405749681
ck_66dd4f4b4127256d,0.029426306960384663
ck_93cc12703b500613,0.13864769429190713
ck_d28806a2179092eb,0.9807402363806788
ck_0595c2a0c7881e05,0.0781681691368723
ck_50087d8666191144,0.4621690652472327
ck_b08b3f089138c901,0.04221038990486313
ck_fe3b67041dad2dd1,0.04871127581761252
ck_8449a28f7d475d93,0.2926762840390208
ck_8642e3b6d84f49d3,0.09967004706806576
ck_e49b5e4f2f2e79db,0.7726747948110075
ck_437afe412ea4259c,0.5188486275784279
ck_569b83668d74042d,0.81639581442836
ck_233a487d31c3e631,0.9858528740280056
ck_1fca72e03143a645,0.9660443836003592
ck_79205e31223df2ad,0.07556564138347861
ck_9625a64406ea16e3,0.015952207541182924
ck_079bd18dacb704a8,0.6941682770568383
ck_4db6d4fd2b49aa81,0.1215419496362733
ck_0dbefdac0a1868fb,0.01732866006959295
ck_24ff97ad90bdd69a,0.21937067065729923
ck_77f8c5042065d506,0.07747019031968809
ck_f11be8ce05382cec,0.022043508877044895
ck_c9d72140b0389216,0.20244419322118679
ck_69eda24e931fb36a,0.02707142388481768
ck_ed471e496916ee15,0.025768913693298135
ck_ff090498c4b17ac3,0.04374721916873733
ck_c3c19d6a0720915c,0.012302963158211083
ck_af02e1817cfa40b5,0.04868971228373302
ck_2df5a9fc87553eb1,0.03198156563189275
ck_4ac918e884cff336,0.14841867668617179
ck_ca149244b54ef3ad,0.01275595556255422
ck_6babe5b8674ff51f,0.04975967889064056
ck_1573878386886290,0.11236849096042435
ck_3925f8565abb7fe4,0.02880840685962304
ck_c4de808ae69c771f,0.012443405637921285
ck_a777c813551281fe,0.030882098663389642
ck_df4424f6dd85080d,0.18858335464329606
ck_85e5494ec20383ae,0.11119659815417278
ck_f71a4094e889c3af,0.01596664105376159
ck_f2f3cf9cd23b2809,0.2565327495155317
ck_18e2076397bcc211,0.10810820853039528
ck_c9f9fddef39bc664,0.14944426187508533
ck_7e826e233d6ea028,0.042672109057437846
ck_62fd7eb46bee9210,0.062382595334687374
ck_206f8e3cd72768f3,0.10676761131615702
ck_aa295a11b0a6ab36,0.03846009964120496
ck_9a56739d81f84a53,0.01286674804956162
ck_aa075c418ed9fe5a,0.03912548786434509
ck_62b9fb3db284941b,0.02588874470607965
ck_f4f83b1403ebea46,0.09561945079725538
ck_16b66bd803288bc3,0.6030237709656111
ck_c4ca1434f3778f1d,0.9695659952734015
ck_1b823610371a29c0,0.03921440139855051
ck_c2bd5a722aa637d9,0.037449223164120055
ck_7890208951df34f0,0.24128708244749078
ck_020eb0e454524ecd,0.025090907579198435
ck_3b66196ccf436c35,0.07157652023557357
ck_109fc467ec0a4af5,0.5149421201629698
ck_f3dcd818db92de7b,0.07190316244712627
ck_31e7742f160980ef,0.07972774986355186
ck_77fce5f86f00b8f4,0.5635701076608604
ck_46bc797b4d07d607,0.03388162643409103
ck_37899b1b571b1c6b,0.09046923227907348
ck_ef8a6af43fedd464,0.04099383153262613
ck_bcc8519fe8521038,0.038771746318340954
ck_90696b7182dd9129,0.05535918423976815
ck_4a24ad61d017e1ba,0.18097154205895236
ck_0acc3d8c67218b9d,0.04047884558625378
ck_05c97fc9de11aba6,0.30224232948307866
ck_f8ac3a0500c0ec62,0.06878595368809413
ck_617b65141f546a1c,0.02673529249676914
ck_9d00823bf60388d7,0.14736724573206267
ck_123c15d93f1840f2,0.7106290929076905
ck_573feefba6bf78bb,0.3848549340963906
ck_b25657bd16739036,0.06042558140005282
ck_bd26d2bef14a8597,0.0906147825103118
ck_a553418f2fba1440,0.07756257413293939
ck_89f3e380b0686963,0.03152068962568167
ck_b359192aa659bdce,0.46665151097275104
ck_02241f3dc301bebf,0.06410003641023024
ck_5ccc1a1c78cb33ee,0.1755425741271029
ck_349cc5edda1b8853,0.2086198101061398
ck_e9f228845bf6e28b,0.26342466619514576
ck_0a45d033d4e280ea,0.053959981467221044
ck_7e63168dda612235,0.03953651622055473
ck_676fa5f6aae5475b,0.018035869269031137
ck_74b502b20690ccfe,0.06645286605858858
ck_073509af21dd7f5f,0.7378288550763491
ck_498a0acd450944d8,0.012904747091345477
ck_7f15b50b29dead01,0.04362856487550643
ck_8089fe7403c5f537,0.05489278645646151
ck_05b2b04e11d9ae9c,0.06426706549863864
ck_31e70f2f04b48b88,0.024543721548401003
ck_994316fa5a02b319,0.010145798143423134
ck_b76510998b9a2260,0.11637653635820279
ck_4db95c310e105d30,0.03042271113824289
ck_6f730b77dc6cdb84,0.034621224695716206
ck_2493ee8e7b91d304,0.16544413962300514
ck_92d679d6ac7dcdcb,0.2602908956071361
ck_3a0e0200cbb185cb,0.040505409065759
ck_0b2eeb4e00ff7955,0.11550819948876992
ck_9843d0e61c37ebe8,0.9836885662703065
ck_e61c8721e3ef1921,0.05258424211064818
ck_2e0eedaaf2980c2c,0.06984272018818787
ck_9036b2e5e9298a34,0.034026987042864776
ck_3265442528d51728,0.09156094596241954
ck_f2ddae2eb1cb29b4,0.03301911893048263
ck_6cfa71d27fc27f92,0.05197172501584459
ck_f3199fbe84a28b9a,0.1953623099876325
ck_b78d785ca3ef773a,0.04856753225084018
ck_374865697f1480eb,0.1131406453064906
ck_06d0e4a9189302a9,0.1772914645038758
ck_9c9884b9bcaa552e,0.3733707799916482
ck_fd4cf578e87703ff,0.10456879992083848
ck_1917ef3e6e345549,0.3363858932195497
ck_e70418b00cbbbac9,0.1368311124060416
ck_a60388296a47062c,0.10246412587222739
ck_d598fe8d2c779ab9,0.056231175014917964
ck_646dc03de4c31803,0.9228235337818801
ck_e4fd8cbd842b6993,0.016730497384044474
ck_2225b555aa2a42ed,0.12839526650877622
ck_6be8ae9d78148882,0.01763576486529724
ck_4199342d3aca74e8,0.2918155148751558
ck_779581adb573261f,0.025076546012458532
ck_bb303568b6915205,0.2939173046432751
ck_17c4296276448afe,0.034968708225401504
ck_a60a61ac829252a0,0.0343113239587642
ck_6ea70950c1cae00b,0.8242681339790593
ck_1abb93f6924645e1,0.12340198678744689
ck_faab769cce19879a,0.3591847401784553
ck_d5b8e74e7ca6355a,0.09652751143640224
ck_f11f7691af16ad07,0.0190339729885343
ck_188fdf2be7c92e9d,0.9865703388304218
ck_4a103f8254b366f7,0.06261954983887465
ck_bfa17a0b1760e616,0.012525811926347111
ck_a4d7f6a5869d440a,0.946168606995949
ck_58e20f5a3e7f11b8,0.9322066955056225
ck_4becdd3d2696c7ba,0.05579075855402929
ck_dad5cf32ab9f243f,0.038706882467425395
ck_7d9f73dc7c4f90c3,0.42521271516115194
ck_c19371047a2d011d,0.023132656428386106
ck_247589ff532f7aa8,0.028238754789195266
ck_7a9f241d5f082567,0.02845103806264121
ck_0a2b7078736b4dda,0.020997289171491115
ck_687b412e2aac7eb6,0.04895193494035552
ck_fce0b6855886a0b8,0.08070236472012939
ck_e291cc60920456d0,0.6615112928667994
ck_04219a7ea798db51,0.16910285581064013
ck_286bfd719836e9f3,0.4932728011523723
ck_55efc92394fee232,0.07389603078243596
ck_e36c8da1bd359960,0.2737011338054406
ck_34b0988a97d96902,0.03240029754653684
ck_e0fb11fc9dcb34e6,0.022161942698680562
ck_bcc9cbc9ed8b7c31,0.04806240626024243
ck_3df8da6f60a89a5b,0.07945844798143745
ck_b1495ee5c59a6b28,0.08258155359750664
ck_58f4c3ac61fda129,0.1380662109482617
ck_735f244b99e3aa8d,0.10020695412165888
ck_6b93bd8abf87b1d6,0.9195090418183091
ck_12107dacc6d05bd1,0.01259994079284388
ck_f96db2a1f3448d1f,0.059906214124428085
ck_8fd91a3c99e19097,0.07547931311174352
ck_910205d25388a0ae,0.01620386634666945
ck_d229dfa0e4442628,0.015550907519377911
ck_7cdec61e1c488798,0.32944515570770294
ck_f66f06e24ff32671,0.17880879453197032
ck_350bf14e90b503f5,0.03456677169440814
ck_61fff5fdaadd394b,0.03384932547818207
ck_e934f984bad2ff91,0.740610735818948
ck_ff6a6d3547dd2d37,0.20146065350628647
ck_65ad9b15979e3247,0.05361532940236799
ck_bbe1a2ea5a403ad8,0.6640991130616946
ck_6f3a28eecd2c4031,0.026716929362653602
ck_a89b66665714058f,0.10313038723018011
ck_918c92182b6817cd,0.06715285635993312
ck_64f5eb4be9e7b8fa,0.26940748617770177
ck_d021fd497ea35fb2,0.1070512896101429
ck_004de16f7d8a42ae,0.09135432467464802
ck_a33d2325f86ab12d,0.022396153215600224
ck_89790ff26c844bc6,0.04156362058069839
ck_e6e7257377c37b28,0.3813259240160926
ck_a2cc3910a641a808,0.8273309643413929
ck_646e270e0195bf05,0.04287867307503383
ck_baba5d66def0d770,0.39609535866103107
ck_67cdcdda3033842d,0.06726124894699474
ck_b5c3075c811a2216,0.22943540318974548
ck_515379973a8044b8,0.02568288333266414
ck_c0ce85fb4109567d,0.09891656741057969
ck_fef850553862aaca,0.01893590039777978
ck_55d7217b0aff9fa2,0.05099918982025319
ck_8e139f8925ef7968,0.048763022372741265
ck_9e35b908fca1e4d7,0.023194443554249617
ck_59735f4ab2ad3da5,0.09080578748612189
ck_dc569c1167ccec0d,0.7294180009309983
ck_1dade5592f90a15c,0.16711587994392413
ck_793048d11fb8b328,0.38884610082125654
ck_545b71eb4fa594b5,0.022359104970644816
ck_bd30853e9a57b544,0.14674129505911518
ck_59f46321ecf6d306,0.04672102911414411
ck_260cfe9141d249f1,0.4568603930283912
ck_3365a0ad1a8aa83c,0.027995107583704496
ck_b0ef193195a2138b,0.08102099330318362
ck_0f909705e2e60f2f,0.014502962612508816
ck_5a540b75c866166a,0.04885165000128709
ck_87c26b2f41025109,0.9229324747897614
ck_27acc9f320cda104,0.8712050760619816
ck_a27bc31eecd9cb9a,0.14045885965982705
ck_115d86fabde77b65,0.022571323094640883
ck_eeca179341d56f8a,0.8981993642645569
ck_8e5999c436cf037e,0.0228729349907153
ck_510e7c5df1f95d90,0.9572138227381513
ck_f1acf73363925958,0.08612328148943678
ck_3c177f5970b68bd3,0.08662729501411634
ck_9cdfaa1c30cc9d32,0.0210552510177127
ck_c8efa1538b37c359,0.061566508997540695
ck_a8a2e296f9804bd7,0.11854573488144518
ck_91a0ca45f429568d,0.10648047488917245
ck_5fdf8a0bdbd3ed62,0.06728624123137227
ck_0f4e2ec66d50da5f,0.023701841975250715
ck_28c53b214b2ee882,0.6262367613388286
ck_003148504557f720,0.3815351513751755
ck_01d840cffb870615,0.6105439045315808
ck_555848d51f4b5f35,0.08052388171692007
ck_df20cc23b8fb8e22,0.027420523312607335
ck_f9604adde929beff,0.021750591649635297
ck_d66952b03591bdec,0.04665333349895516
ck_ddcac1ab765ff61a,0.1129401515865894
ck_347386629d96c664,0.04771999051644713
ck_ab01db9117acfe3d,0.04926225230548676
ck_58e5359efc52e0ad,0.018597400764889763
ck_1a524b5cc8da71b3,0.23512719951870817
ck_e9287b6d909d731f,0.03969931858970541
ck_bb41a66e3d90263b,0.7607026735589858
ck_e95c8cc1864bd584,0.0157017188513546
ck_7a3f2961e9a8b6dc,0.01973183441583775
ck_378a9df82b1e0bee,0.5525129255103916
ck_42633573639a3f02,0.9691253780762782
ck_2a5a4c18c2c7274b,0.07055359651906201
ck_77549c1a41f837c3,0.0341789077768334
ck_a26704b5b26258b7,0.04455708444273027
ck_9874ad160efddf50,0.03379412320975142
ck_9111e3a04b14dfba,0.06950932150202567
ck_651e076ee43aea85,0.039144221740539324
ck_391639c0f13932f3,0.024465115629068907
ck_02dbabda93c8c13d,0.10374826356538597
ck_0adcb1fffcb0a34b,0.06674657796534705
ck_7a43ef9c7b1c67b5,0.01779890905882794
ck_4b9dd69946438d0b,0.09800186866247922
ck_90bf017cdd37b66e,0.15994044000975804
ck_61c74163eb36556e,0.11088645297108467
ck_13376c59b5bd6943,0.018100890482080526
ck_62337eccb1672737,0.042260934308241266
ck_16077934338472bf,0.012766772471724924
ck_0d4dfd93086e7330,0.06594549562024891
ck_3865b7525b910893,0.09550950190546864
ck_7e2ae8b69ebd5675,0.07094545569337926
ck_b4384b6c11766ce7,0.033420026621680664
ck_3d7fa32dfb9fc692,0.1669433197668399
ck_f4a6a7cadd6e0603,0.22544114558693884
ck_212525e2828a6c45,0.0320440896125969
ck_33ad8d53394ba77a,0.8200687114333964
ck_a5051eafe8b51224,0.03469587250765577
ck_f65e5ff7da565f91,0.02196613299777313
ck_5c37f7563fa7591d,0.13567884129585459
ck_f1e0a006068aff29,0.08571279190673264
ck_c646cdead6fb79d0,0.03249040971404509
ck_f8b3cdffef535330,0.2200945746040942
ck_e5cdbe3aa12c97f6,0.0624460865965224
ck_986e4e61440506d0,0.14590734000354932
ck_6da9c5912e15d9a8,0.027400783995753752
ck_51d842e6dae74c71,0.03426556568920083
ck_5fc65c24e0736d5d,0.7790529934118127
ck_babb95a76c69509d,0.16687045117966925
ck_86a2d852a9715432,0.07967542829232503
ck_db4083a0d043def8,0.18859034420226903
ck_96953b8945b7d403,0.07785875526663398
ck_7831ca5c31fb3859,0.40220489717545876
ck_60ac5e5f375daa38,0.027212796886227162
ck_05d44eb1f5f085ce,0.07415203527865201
ck_432cc19c7eeaa46e,0.08175073965480929
ck_7fc513033af061af,0.6639693665639185
ck_ada6ede84c111719,0.06519739247271363
ck_6343e0d3b1c2962b,0.07514848719838327
ck_010264ae04f2e902,0.23833767224649885
ck_e9dcf535f8c289eb,0.2533001567836692
ck_37143d9cc296e6fa,0.12065908511296498
ck_61fa051192f3e810,0.07200234584362464
ck_f9f93d1d41be1468,0.923282732790332
ck_c4f4f28457be8a74,0.014622662094387085
ck_323a71f9452d21cb,0.8531841808485487
ck_170f4688e0acd875,0.31143262601477184
ck_869b1878d09d230d,0.6692686408809481
ck_2f6b33bf46976229,0.019231355352260004
ck_b11e22e75d9b99de,0.04433862378969347
ck_123d75ffb75b606d,0.045908516601277434
ck_94295287a04c85d2,0.4286663650442468
ck_1b0434f096795328,0.015954515275076114
ck_0a4e191cd0a57ce1,0.01895846631903701
ck_d2fbd0df99634676,0.02527772701488327
ck_d51df5e9fbbbcc94,0.09729661775290065
ck_2d3d7d64a6f443f8,0.06581368161555132
ck_731943c682c9394e,0.03486853203581199
ck_5ccc0c94e5e1f849,0.1380915597894527
ck_c3476080516db25d,0.09983258205973529
ck_5010ffb1c94187b5,0.015186635776188343
ck_7ef666d67bc70223,0.1124974198603486
ck_c1b493527224a27a,0.02501676849815607
ck_5d1e25d7acc5af9a,0.06349956009833686
ck_ec30b61cbf517db8,0.01662846299094574
ck_79323eb5d2e5efae,0.02443230937285773
ck_4085cd3bf2661518,0.0687720170997095
ck_2ca91214c357c072,0.23960769565149329
ck_7f3132d6be389657,0.342224134285581
ck_e7a6b925c8f39a85,0.07425141038258769
ck_c886adec7bac250a,0.033407529605564736
ck_c3f360c2d0ea0a37,0.07127058271378399
ck_a7acd5b015823793,0.07527822425152202
ck_9d64187c0800f84e,0.039626555538412316
ck_5d4ed73b9efd7d11,0.027008514911623954
ck_874eca6776b34dec,0.023134426765252614
ck_96a9221a87be93c3,0.1052473277049657
ck_68dd79a51eabf5e6,0.364795957747936
ck_8311cb6755b2016c,0.07057195183936878
ck_16fc77b2bcf5ec03,0.919064276942837
ck_ad9e2088a33c8c72,0.02294667011542401
ck_7176bbc97b1e42a1,0.017211911498228913
ck_80dfa54b30f65fff,0.8578972398642726
ck_31c54d540b128843,0.023134258366266317
ck_43ea894480567274,0.11148605451471594
ck_9c9e8a38bd5a6c88,0.0691394255628701
ck_1c2dcae19539e148,0.0979304163785722
ck_b0fa8b84e94d8ae0,0.09536355637588834
ck_4ceb43ccd0a81c2f,0.03912153833026544
ck_ba845332b730b596,0.017534752145905243
ck_73d3e8c6077f61e6,0.5224211329551155
ck_b5d0d223ef56473f,0.1463304117253609
ck_949f08f8e80e93ea,0.02056772958283454
ck_73de0b49709e5f8c,0.023013236770888998
ck_b5935e9722a39819,0.21224190625378156
ck_96247fee0eb44420,0.020647293139495655
ck_a6def1e4b2d57e0d,0.10066506194620654
ck_aecdc5a96321a2d8,0.14817349275422564
ck_bc61c59970f8de49,0.07638867448626642
ck_c43b4175fc9ac5bd,0.9312360535708465
ck_8ff7a9b23a55fd62,0.03242750776789612
ck_20c99b645f462449,0.05328933889367119
ck_a5ce2ae36fb410d9,0.01683489597529249
ck_96fb9bf556842bbc,0.12429083942377889
ck_b5e4c6dbbed1b773,0.11100744556040812
ck_2085433978e72ea9,0.2062120810596229
ck_2c6b174b063ec637,0.10903432598803228
ck_b20b81b88dabe28d,0.024408004019998836
ck_243c18dbf150831c,0.018609974675606197
ck_2bb6a17e8eee35cc,0.14340075668326469
ck_66147fb994495396,0.7766056981296066
ck_73f124f075ede0fc,0.14478579897949445
ck_2e315f1b1e533dab,0.03441044173901062
ck_16c7bf94ed3e7a6f,0.011446168617064264
ck_4a0eae220a762ac5,0.09502461837129893
ck_dc16f939c2f44ad8,0.4775345508343802
ck_817926b449754917,0.06765070181189359
ck_0c0dde42ab64ef87,0.055515867335616934
ck_cb3a40594da6a2ee,0.11205172023803703
ck_d0dc156441fcfdcb,0.2009509285689897
ck_66f0945add423e9e,0.03487089320117136
ck_a74f6a3030f5d495,0.16301362879972714
ck_1ae460f331e49ae2,0.08391030493277188
ck_2d177b2f4f0b40c9,0.6489693541115041
ck_92e474e4368c4791,0.04371227285979411
ck_3dee83fa2d109484,0.04507934600454739
ck_80e5ea27848069fe,0.036046703408483254
ck_ed0c4a83701ca230,0.13336600251223196
ck_0b8b7c5c581fd161,0.019650902910046227
ck_60bf8a2870956fb1,0.09964767642973281
ck_73a54b56a2bf35fe,0.9005670459542076
ck_2296d7a563424883,0.06534621485043135
ck_bc19c383560c7477,0.1372065628716778
ck_861d8e3d88f1079e,0.25695707943636587
ck_3f090fc96c24eb28,0.016807698484875722
ck_9a6a1f8102febfca,0.26020181572192025
ck_541b6ad5d2fa5a39,0.04259755031151972
ck_a760d38d1bc4de97,0.05703440844679189
ck_7dca4d7ee10b4eeb,0.035172066047369235
ck_15220e78d1545e40,0.11072798642794113
ck_ca24bb0de508efb0,0.026234045293153638
ck_56b389627d8f02c5,0.9654731861301418
ck_48a6754977a44db0,0.04389183315822739
ck_333a43ec339a04cb,0.11461806131961265
ck_f22aacaf86a65d7e,0.47748107767888615
ck_04bd8a1ffaf3ffd8,0.021597045517983637
ck_2737a72de6b700f3,0.11292051632793142
ck_c35e03b0dd0c3454,0.1224651879245307
ck_e0571312f395cd94,0.07494953366102487
ck_09fab6b9825001b2,0.014858128896054418
ck_18c3a095606209e8,0.091505350484526
ck_2a97db9377d01e36,0.03328020367850053
ck_f29dbbfdd2786bd1,0.09650854338599475
ck_35d6c510ad29362e,0.8553097628747501
ck_5468fa99c945d785,0.06660245116107377
ck_6f8102f62c876cc9,0.07153476328155745
ck_91955aab3424ad16,0.04671731177362558
ck_9a43c0c73a39d759,0.09545889461859403
ck_60b023af6d1e30bf,0.8947594978989766
ck_9704c5cf8659cedc,0.12210091489420158
ck_7e5f02b51b9f78bf,0.34775877470624134
ck_7d3a88d1aa649708,0.9573683543107372
ck_8250eddc1ecb07a0,0.21978324471754057
ck_d979ef95ee44023d,0.1759271956896927
ck_5e5461dac83531ac,0.10720019297621472
ck_d1bb8890081e0a31,0.15506220352232436
ck_32246c62640648d9,0.02109008057875104
ck_77a40c7d2f862a32,0.05445159050619433
ck_1c8b94efe9238f5b,0.034038805814399505
ck_eaf3b6d11bc3cb11,0.08661011841085778
ck_a4a7ef3ad799c380,0.08647558186615936
ck_d5bd8f68da073cd8,0.030090003255294484
ck_6e6258227fc8db7f,0.030379891664117004
ck_c35d444e05799db6,0.07607844013160224
ck_74665e1209140ae8,0.04872362938073691
ck_353a272478f7e903,0.025151909433822194
ck_a2c9796ea229a4e2,0.15225275576226227
ck_e0171f91cb3411fe,0.18828773684168054
ck_703499f5410280f7,0.018362319260816835
ck_ae3a763997f8f385,0.14674546990180973
ck_f7ff94c3df5ac874,0.049755185312417176
ck_f3c16d8f747db046,0.11397707289273953
ck_7ef019ed77276496,0.024367891379892453
ck_d6a4faadab58a3de,0.047587859566997306
ck_ba7b78d31d74c794,0.0869145724672463
ck_36287d063350ce9d,0.04674066234378201
ck_5177fc7137ff26ce,0.02721240853224802
ck_dfd4e79aaa967b63,0.07109972251961376
ck_fb44d15fb93a7157,0.06806627407807771
ck_fca478361870a4ca,0.0948763161227579
ck_e57b94fe57341058,0.10638849387205208
ck_5448c946cc4758fe,0.07625283999327558
ck_c5ece5ffb8800ad4,0.0771286662680794
ck_11cb98211b2ed134,0.9459571734611991
ck_f655399ac75c4450,0.10690315287155278
ck_c817259019588d30,0.26924269225808567
ck_8740a14d8096c6e1,0.0973361102888832
ck_0c5ba86f4e05b38d,0.07736459401461593
ck_ccc917533d4b73d4,0.05549582856027705
ck_9eb80edfa43203de,0.028804198255082673
ck_d1a1cf4cf61d6801,0.1451715940523106
ck_b17c239f160e6017,0.07738912153016526
ck_410c3e13b48e0415,0.042002721836958974
ck_ab553954435e8854,0.9440847006809614
ck_bdbb4230c91e1604,0.13180692091108112
ck_8fd4937eadd64fb6,0.029725007057003767
ck_e0e90b196bef3c11,0.011860978593466928
ck_3dc4d464386f0eb2,0.5030911712322819
ck_51bbbf8f8e8ad005,0.9846487559271693
ck_c05737ab74cf03c6,0.22986416770324358
ck_dceabbe04d99afc2,0.015411531769924278
ck_5b86fd14e85bc9c7,0.8774311874601111
ck_d4febf0083800424,0.04011772351745278
ck_77d9f86dcf251739,0.03985937509929468
ck_b4dcebc543deaafb,0.12835858524678853
ck_cb856e75c949b0cc,0.014670444682286276
ck_61b067de8ffc1ca1,0.09529649567255594
ck_c0e8560ccfd9dd9d,0.04486580763860061
ck_173e1198c341087b,0.026406031853215245
ck_b4d55bc809000276,0.10820608542752622
ck_839bf139296b5cea,0.04013808095921284
ck_78cd402a2a4f2e35,0.01629159225071984
ck_c2925c50ebacbdba,0.041906225721175624
ck_5e3bc76eddbdb0a6,0.030323095851505714
ck_b7793edca26fc512,0.033516818819852856
ck_d79bdf04d6f31cd5,0.08095212099211087
ck_4b97d19ed946f503,0.1829469157435067
ck_37139b41c5370523,0.12938180010906986
ck_8c346eeefa9ce692,0.09491985749394989
ck_2ab7eddee2d8c49e,0.03657009631010184
ck_29da59ea3bffb9d8,0.3145608338502347
ck_c1d05ef0ec6e4be7,0.04292484060066502
ck_3882423b449f6291,0.9433484278408002
ck_5647030283171ed5,0.9210443554169996
ck_efbdcd9c181e72ca,0.060456345790058104
ck_192fdad892782daf,0.371672133471956
ck_0bf2e13b9f2601ac,0.16396558601043962
ck_3d6046a533057795,0.1428582678894548
ck_279a1d3a3836e5cc,0.3930416886009425
ck_c375e929becde422,0.09837283275480457
ck_a59e90219939a1f0,0.04731288631913503
ck_4e9fba1ec54c3ff8,0.05448164996956052
ck_bcbd8588a13f5eef,0.03219465362100067
ck_5f9a7ff990341bdd,0.01974522062550958
ck_e0403d507519b7d2,0.017654665319604804
ck_c9490cb61aff5112,0.10719361209312907
ck_41dd44308e6a665a,0.49823603919720194
ck_76c23726cd7ca947,0.039775501897015085
ck_9be551300209fa83,0.048816565473073247
ck_a98848eec6c9581e,0.08345846614858822
ck_61176dafb33b2d8a,0.9213961208425192
ck_92de019e05971ce3,0.11684542324056031
ck_5d644224135d7c65,0.04499769475366502
ck_c767fc454fa215d0,0.02194081636876442
ck_5df85a8924e11f27,0.11318554812255992
ck_da2729307af06ed5,0.14244317841146617
ck_7c6b577174af7a78,0.04585230897724513
ck_893b8afbe11301e1,0.029973358594402283
ck_e06f6fed020ae014,0.027787347027930356
ck_386680372fb54857,0.03856510051426347
ck_7a7f3c4fe0c9d2ca,0.03721821915119374
ck_f908b527c4db422d,0.3671709964777258
ck_ec2eee6a133e9a6f,0.23164908673118317
ck_d98934f9fe0b02b3,0.017708306091785097
ck_398a1ed77b0130e5,0.047648923041894845
ck_d960af7a55b892b1,0.07636332135920924
ck_4637e54a9f79e2e7,0.044962707516983856
ck_02b9f418524f6650,0.06009658324307683
ck_d4b23804cebb045d,0.06670520429416854
ck_35b1939c48182a9a,0.05601598183715927
ck_2dcbb71e39d64305,0.04968662569568526
ck_47a884dec960ff2d,0.03237594000500513
ck_71fd8c346fde5cca,0.17125575732369136
ck_98e1992ac8e7d2de,0.3043328038284529
ck_ae7780327e210522,0.14169801346868838
ck_e6c584b4b1ad6d9d,0.05725060040021945
ck_344b2e326a6c3dcc,0.02150560698416353
ck_9aa899a5230b0963,0.09380037694086006
ck_e48d14d5b70ef5aa,0.05689668808882761
ck_59d380a0973b3951,0.09305008650932031
ck_11318f7c041a5ba9,0.040937595444601765
ck_7061786fe2f22f5a,0.05222055661501991
ck_e77529651c416cf7,0.12564351256758122
ck_7f79878197340435,0.02117957398226046
ck_b0a0fb0ee9ebf106,0.0551910181649974
ck_70c7679199776a90,0.08046994548724816
ck_b9facd2210daca5c,0.22039708805641575
ck_9949f53c155b8dde,0.091196440541215
ck_1c607e24f2c4397a,0.29720331261715327
ck_aefd1ce3ce093cbd,0.02192782142960891
ck_5a29b7018e43280c,0.01574024993393666
ck_69eb0b2ccfbe5f95,0.1354760126205492
ck_fe037765aa465c58,0.14641940337999984
ck_5e512ef5362a3dd6,0.025889853940053924
ck_544a9e80b7fdc279,0.01677708694417739
ck_7825494e654d5695,0.045696000726612805
ck_f1f2c3c623553f0d,0.018479989340156565
ck_52730906e5b461eb,0.9608082399559139
ck_01e0689157fe9617,0.8116120821017182
ck_9da82e567074da9d,0.26052493313491987
ck_6a17384072f904c0,0.05463882553916503
ck_8d84d771a21942a7,0.016347562370806284
ck_39638880292782a7,0.11519647927895076
ck_7d51c86e0eec72ac,0.051648131523544825
ck_45f4c821c70d134f,0.8599374849067963
ck_0af3c13ba56ce57c,0.037663246530120265
ck_0789a05e061b2784,0.80865981639545
ck_6ba091eb42ffa9fb,0.769212721569604
ck_265accb3c5c32620,0.5682928059256441
ck_179039559ff7566c,0.1197979226331392
ck_17c0a6a92b5765cf,0.052910158938031256
ck_59371c9140239fd7,0.06603656046945616
ck_f9c4f8b4ce2691f0,0.0607069186925406
ck_a2637e4872cf4811,0.5729169606869293
ck_1de43fd6c6c22a5f,0.3909316575971512
ck_6e4f31bd108571f0,0.01960762661530995
ck_da06d97db0b18851,0.01592770402136266
ck_e0346d5081e640e8,0.11279149142603447
ck_c1c7d4e62c9fcded,0.7151866176624546
ck_2595669e421299f6,0.20770009442670423
ck_3b6057d51fd4c7d6,0.028844793857446004
ck_c5f8ab515840a0fe,0.12119555126958688
ck_435cb24538c6f77c,0.16328979326683918
ck_d84b5403da4cea7b,0.16646205642752054
ck_c2b61a98d1c8f6dd,0.8952114559951827
ck_c9dcd92b2f836b61,0.21196572446121376
ck_9eb5b3f5f672c2b1,0.019430389895708385
ck_e4cf189a8d31649a,0.04311690796225091
ck_6b114f2a48152b96,0.019261901838400625
ck_3fb95862b70f505c,0.10409261637137208
ck_7f780f465c29398e,0.04035886290285539
ck_ee387f9da79e67ea,0.12633039940856586
ck_fa3b1e85d27af2ee,0.1516482626838789
ck_e739eaaa7a1822f2,0.06821125155073668
ck_dfa0ac11fcb1dabd,0.017965892169417876
ck_6e8751b571ea54d1,0.12032190126085507
ck_2d695f8358383092,0.07266202956110278
ck_e7dce27edb700f27,0.0715824454619543
ck_e322da8b213eab52,0.032729435614942154
ck_d0b32e039abb8200,0.05060987767373881
ck_b354003302b272ca,0.08271597334951065
ck_f7485cba392bc294,0.34276212488625407
ck_d6a290ff8362c7b9,0.48142413813413065
ck_c56a44fe315c0389,0.039782315594196406
ck_f77dfe6512eae322,0.11775816017690627
ck_35fe969c58b9e70b,0.3152817928900153
ck_4c518637db2322d5,0.2652721441859892
ck_cb61902798ecc4fd,0.16173558871474514
ck_56e6cfa32156a916,0.04484352386217996
ck_343e6ed2b9d35c01,0.029877851966297227
ck_51440f64f7250ad7,0.14777477297375116
ck_295bca29c34cfe2e,0.4125764416414102
ck_dd30558576b45e7b,0.06127446156226809
ck_3a30132a57181fe3,0.1281791594719929
ck_4a733aeb833406f4,0.10572777424797468
ck_1b0b7c3d35ab1259,0.16294266344773906
ck_962c3bbf27cd4b80,0.13554830482333777
ck_9528e1d6b1707870,0.1476243395492068
ck_b3263e7f31aab45f,0.1428540646905292
ck_e69195a3c885053d,0.026354202871642363
ck_a907fa8795cd4baf,0.024262454392847826
ck_205c3405045bd835,0.042072230599419155
ck_e81fc223bed3c46a,0.07051676969251945
ck_363751deae40edfb,0.3529233242828661
ck_6176baea8cbebbb6,0.041964706751819535
ck_633e6579f5c74a5c,0.7297436798357845
ck_ddc11fc481eef58d,0.0672371050549901
ck_e975002c979e12c7,0.1388872264349581
ck_8e039b23acaaac00,0.08091269480842705
ck_1d6990d94a4d2ad6,0.24704598793337798
ck_e7b583acaa3171a2,0.5838757223161366
ck_c0133f60d39b2fb5,0.047477635381297914
ck_7d6bff85e7a694bc,0.024953902095760986
ck_d305b4d82f63f647,0.01191757154134963
ck_22bd0fc71f95e048,0.22857824437667432
ck_9a65fcfc7916f93f,0.10322401043838188
ck_d61c837b0106085a,0.2588382994574473
ck_be86a1db08dea456,0.1113045732449251
ck_90489c405e6886d8,0.022802288753453373
ck_0add2c321d579d75,0.13776978660092043
ck_482dea6eed92cbbc,0.0688941879579954
ck_c24b47184534cc2c,0.9824408413106818
ck_fa04ac31e596e7d6,0.16745781116385255
ck_084322dc5a3a86f0,0.035622247775263315
ck_ccb72a33cc1877b7,0.08026953070501537
ck_afaf374009d3b248,0.05263990644784035
ck_b53084ffede19a8e,0.01969316752498285
ck_4760216154c8cac2,0.8480529487567329
ck_37ad3a65db673e70,0.0264417342517132
ck_0c2932cc0d553694,0.02777833993165307
ck_86b853c52f20fef5,0.0774571989996094
ck_38703b7546d35a80,0.12328127573891264
ck_218b7e6e6dbd2da0,0.020832784859686888
ck_402db4184982fdf5,0.0961410018347096
ck_f917c82af80e4a79,0.19202836588316546
ck_3c6417a233c68c73,0.18934513077903226
ck_98068c397d70dd3a,0.12002203651672211
ck_b1cbd6679c0f8d95,0.038542316842325265
ck_9e962f9bb0e7bac2,0.03646060689956184
ck_b08247c3ad567d92,0.5531056769846955
ck_3ef7a03ebb81cfe3,0.019629758861658873
ck_5d7ae0e3562e99bf,0.1853731532138199
ck_c91a628236baf91b,0.5261271290263491
ck_7f8e816ca51755e3,0.7492553769181779
ck_5aadd286d188f5c3,0.06445976679431686
ck_a037aff5f8128c73,0.059266482384353704
ck_5df6529ce8290906,0.0660800100064848
ck_5f3609511443e5a8,0.039777426450040745
ck_a6f61864fac3c8fb,0.03479049657478393
ck_2733fc6ba23ae46e,0.0395552289090089
ck_22bfb9246646eb41,0.8712138621158902
ck_bfc2a57d8fd1610c,0.5189526402098361
ck_49839e761d0e74e9,0.041720925254325615
ck_aa4ba931dd37481d,0.02418099810945899
ck_2f9fa0d61829f815,0.04332542415310694
ck_5b82c774df10d49b,0.010622020944744688
ck_411219470d0a195c,0.05225590025651652
ck_d07485ba10514a2d,0.7098310785752038
ck_219bef979ee21bdf,0.018143130560693898
ck_eb1006e7285184a6,0.11351924713898202
ck_fd242b18575e3063,0.18954489625896415
ck_95188150ff059c70,0.32775387586356475
ck_a9ca2f447b984a6a,0.18608857968789078
ck_2dd39723c4088b64,0.11507465441544132
ck_aa2b4c662ff213b6,0.08946712791003951
ck_1867b1199c864db5,0.19170006897247852
ck_850ec97a5a0dab9a,0.05308634848920954
ck_562320295fa35875,0.03857833570271412
ck_bab5759b07fe2bea,0.025940517075875528
ck_b9f1465d803e57b2,0.505324258477346
ck_8f21f2690c32c691,0.15170159110203324
ck_df87d6f61a63eb21,0.021913308316712198
ck_770475876d0e7e6a,0.02225289572662722
ck_b4c014d5c0cc9eb2,0.07682532274182899
ck_3add4d23124c9290,0.03286864701729843
ck_bce5b7fecfb6264d,0.2702194424584764
ck_604c17cb97dc89be,0.14740653048007893
ck_e52cbcd9aafd26b2,0.022631110831617177
ck_0ac9114076f5bf3d,0.07396975008328835
ck_dcc125b178b79566,0.013811374205630809
ck_4e333c09f0c37dee,0.04320995523677054
ck_ff7e31ff8ba731e5,0.04737614838865998
ck_8d0532d24f1070d1,0.012900779705817886
ck_3689fa41748a6f6b,0.41744880024787506
ck_7509eb97c1948b16,0.05265224583358244
ck_a9161cf1ca22a6bf,0.09118025863242105
ck_bed3e3db135b782e,0.20633504621541862
ck_9040edd974ef8e3f,0.7198624037516498
ck_fac32d76ed40f683,0.05810643326743589
ck_3d7b1078e2d57c69,0.06076509209991593
ck_dae09c4e074af5dd,0.031222301495514714
ck_fd84507228467b40,0.13707404527766243
ck_e2a2ce9b8cf44c63,0.055781591139513885
ck_cbe716f351d660d4,0.08077619580186929
ck_cba4162ef29a6d27,0.09730956588378221
ck_4f1e962ff8a29732,0.026182048260084318
ck_39a81899dded61e4,0.06175286001768635
ck_25382331551d22a5,0.24293227532019251
ck_6d64e1c07b19856e,0.022745875434013907
ck_165a868bdef28ad3,0.4162689198730954
ck_88774ae52e30e877,0.04446332626448817
ck_fc7a9d0643570053,0.016057080354006537
ck_c2017120b3b88a46,0.03234710725615223
ck_d115ac6b9fd62a7e,0.04014832047342819
ck_439cf7d51ec7de0f,0.026337881894316906
ck_2468a7e9e68a0927,0.07907951928139359
ck_7c418947124dee8f,0.23169795285491943
ck_fb0cf32c4a56f740,0.14277849997093098
ck_694eb6c43193afd4,0.03272865156076358
ck_993beb188dd4abb6,0.019575306172677595
ck_77fa39d3b733c226,0.33316679633773455
ck_49969a9abc47cb69,0.057892240150730905
ck_d3f44bbe2f7e9b2d,0.1313197616048481
ck_fcf5b8216d0c18ef,0.013327862739644362
ck_daefe1e2d2bc362d,0.06726414058330614
ck_9c9287cb28950eb6,0.08258948489320128
ck_c1d1a625b885a975,0.11209743353000302
ck_71b37fe47490b4ba,0.015715906762774234
ck_5d16e257c0635f7e,0.5225326596098261
ck_15918075563eb074,0.016069198244701252
ck_9a15fdefc47e8d11,0.05313995693760207
ck_6f04d047d1dde75e,0.02062090840329238
ck_1af2c0b3b8d202c1,0.0406825098174932
ck_174be2231c5fd2b6,0.02476132053894515
ck_bb0713a2a1d65982,0.07413652319730916
ck_0daec63bd5b0729d,0.10520663561286128
ck_c0b5cc3e8ad2ff44,0.15717499472225552
ck_35bee1fc12664644,0.5533792959821077
ck_a1c7cf63467df4c2,0.03329403537897712
ck_ecb1e15f0b185ceb,0.15407170082391686
ck_f280d31f54a4710a,0.04612176549498922
ck_30f4b2ee8abe1342,0.4513856633976376
ck_66bed631354de5b7,0.03893706147641495
ck_c2d3ecd7278eba2c,0.02275081513033119
ck_e901dec0e09eccbb,0.0126244698331018
ck_5d038ecb3c8748a3,0.04218731502774874
ck_283c5bea94b21e80,0.027736979807081633
ck_7956c251b85f009e,0.8872076171711368
ck_9f5f81d771146aa1,0.010207778466609424
ck_9323e6fc1e168eda,0.9281088823619772
ck_10495d3a635b8d69,0.31371720590285745
ck_1982d571cd36eb0c,0.05161181308188073
ck_4f5d7985bcc2eda4,0.04626561363032915
ck_7df526b2b4410bb4,0.10229487768982608
ck_dbb498b1a346a402,0.02202722071208573
ck_ef059997563e3330,0.04827917549171546
ck_02ec4e06709e6b82,0.025673899542977656
ck_9782c86ba6485f88,0.01664577055189671
ck_d69de468b44143ca,0.02873313665717793
ck_6430a8792f400e0a,0.10840468228301035
ck_8285bd3c90af94f6,0.032841917171040715
ck_985c9ca112000e9a,0.13535242380340584
ck_e679fbf4f4f4aa07,0.0287162807298265
ck_016e8c8eaf9d511b,0.2543803293600294
ck_bc996c523944644b,0.1131775016397452
ck_5b8315726f6204e0,0.07142344633977948
ck_78181f8e998e442f,0.024545579508706006
ck_71c68dfd011dbbbe,0.7087635770578362
ck_db32c95ce2b6f502,0.7182767861013388
ck_755010362a9b1bc4,0.037363352474147425
ck_114141d85256c9ff,0.02071735623299008
ck_9d1a5cf5a3b87e48,0.10877199018694196
ck_ab640420858ab5c4,0.3754309170996556
ck_97a8dac48dd62488,0.47880928033303455
ck_879cc3166fe1bada,0.017284118938098628
ck_b0ed11080076e381,0.06023696606291125
ck_7334a9ec656263b2,0.061517732081606984
ck_6494f0ef13ce44d9,0.07481797423961553
ck_724e459b9ece38f4,0.14418565123483737
ck_7fd8b1470401695f,0.9385504390710875
ck_292f81186358b0fa,0.055118647156073744
ck_fa7de64d37287615,0.10998114495774274
ck_d00e09e66ed6458b,0.5174729117725093
ck_b8d210e741be186e,0.03659569833327704
ck_3db59982cbae4410,0.3887724084271008
ck_69887d0a9aaca6df,0.016256778908188923
ck_4feb21e2fb0b3977,0.05225952974533831
ck_08c6cc1e143475e3,0.013071051620880078
ck_fe6e168cdbb46b9a,0.476091585480414
ck_07f1734be7fac56a,0.08632396081560544
ck_d66d59981307db93,0.09614349535948447
ck_f928dba0d587d7c1,0.013824504688739319
ck_786448fe3004cbd0,0.03052449765548416
ck_29ea329fa40ace62,0.05674284942936174
ck_7ea52b6f27edcb73,0.26206978201803116
ck_18bc51bbf3ef198e,0.13581641854244292
ck_44950df09ff14ded,0.015629687494618242
ck_c1466b52c0a10b93,0.09363490146715327
ck_6cdac067cc4db5c5,0.21216384303759991
ck_53f55c6e8cf2d432,0.010141679009485923
ck_95945f48453ca532,0.2476924651044701
ck_87cce4126e215153,0.033986999179043006
ck_1ecd5516c92caa4f,0.011906420563451703
ck_819b482bca14c068,0.48726419500635876
ck_a61a879dd46fc9f2,0.1261339235140389
ck_af70aa32c009c3c9,0.06151042240593556
ck_f4fe78e249092ab1,0.11244788013988392
ck_12c46bc52bf45b36,0.055481994965032935
ck_f05f5e4b40afa52f,0.16920389857773405
ck_0f8cb09d3f4fc980,0.2836262613846643
ck_80a64a7f0275a71d,0.04867699916079237
ck_683af7b1540a0b22,0.14701516922578015
ck_51fe0b613c076cbe,0.028197992742408994
ck_da1a2450219dcf19,0.35891207418498816
ck_2a7eba01ceba6c2c,0.4186329665520531
ck_4e329e29dfa743ea,0.7510897958977458
ck_0274d881d6db82c8,0.03293066544390148
ck_0af5b7d128035b35,0.07128710439765087
ck_ae0a7be6b0a0ea68,0.05766206496792437
ck_de5bb7a4d091386d,0.6222042075469458
ck_2bb7c17168a9d17d,0.037264870040557244
ck_0ffdff7b2f5fdfe4,0.03695632024104829
ck_718a8390b3d42d7d,0.07460060099077101
ck_7c4f12d70f184533,0.012242891988364108
ck_d3e2c26b8adff099,0.07610579015134862
ck_ac9d3d9754104cf0,0.016084366841160446
ck_3b1766a1d51f8f0e,0.3521096102782047
ck_a9bf75bea912027b,0.23060509982063454
ck_687eab3ffe1f8cfa,0.17972749592040832
ck_25dd0b02af5b2f37,0.29211197848927933
ck_1747fcc466f0ae38,0.016040666045945964
ck_f6e9d14dfb6f3c28,0.16310002925968867
ck_c6a7bbd0adc4d5f3,0.13636440796714247
ck_46656a23f4456d22,0.7964760753579245
ck_7519260415c2998e,0.12310940829973938
ck_754f30ea19df857c,0.12368903328668215
ck_ba88a244d5f7380f,0.08368776886272215
ck_f268416945316815,0.10140516239441939
ck_21860dd2159dff28,0.03249339528751436
ck_7a86ef4e2beaec38,0.03468861667779087
ck_0414507baeea936a,0.11643840685945739
ck_60796eb60fc3043e,0.09042956775793243
ck_1e0841ed17fe0562,0.050829123961489364
ck_0d641d32658d6e0f,0.041414407673218315
ck_b36086ae6d87eec1,0.05362788538915362
ck_962e65ab33b5c311,0.945273426449104
ck_b046a42684468e63,0.05969578039251735
ck_ab3426435b0017d6,0.04847240453029687
ck_fcfe06e44d09a344,0.07308206876675771
ck_0f6d916c92189516,0.13161422329608854
ck_d4c8f0d957c3965d,0.13655630068760888
ck_2ca83dbd728af019,0.025929977395501277
ck_2857a4ce9f72fbfa,0.018249391906299137
ck_a60e6edc48e3d0ac,0.4447386232500058
ck_0cbd3b27063d4415,0.6051208793690923
ck_612089ec90c37219,0.0829085567895797
ck_ec4e597f17f473c6,0.026660117994903067
ck_1c93cc58f314bf71,0.2894911700038058
ck_2b359a979520276e,0.1244108829552799
ck_1496568ddc3b2d56,0.07697224618860213
ck_41d91dc9f5063566,0.16487533347920663
ck_4c5ff58afe3d7a67,0.02425385287239784
ck_81709736281fa3eb,0.020148547702823063
ck_d89abbab3d4957aa,0.03113231538189237
ck_52453401f88935da,0.061450985662563705
ck_a477654d34783e06,0.01594974381357736
ck_72dd0dbdf808cb00,0.20976562523307343
ck_c183dff3781746cb,0.32226684103126463
ck_c8b7f241810b45e5,0.017152645348582376
ck_f88028c3f306bc70,0.14158501745859853
ck_91d48d69e4f5d9c2,0.05010345468938814
ck_b74b9ba6d7c9aab7,0.6615456448871728
ck_03e904682dc73bba,0.06862453014809901
ck_fc6fed6ea96a004a,0.07708059643945403
ck_51efdd240e34c642,0.2943324040723227
ck_e78ab4ff52b5fd2d,0.06888229306656457
ck_4af7b97c24d89a45,0.11807824097961334
ck_295c0072eca7f7a2,0.04679797865175228
ck_8abd1a50a9227463,0.08413865792941846
ck_ecaa6f13304e3dc5,0.02506029553261494
ck_de436e7b319be1fa,0.9838700648623465
ck_c802cf8f61466027,0.02090731987129127
ck_3d83e0a3c1cfbf8b,0.09047500734256465
ck_28d2003c2d16e4b6,0.02191710799704039
ck_8ddaf745bbb9cd62,0.014323237582486964
ck_493b6256091014cd,0.10728587204612391
ck_a2245822cfea997d,0.027561716769082256
ck_f7305b3c64cf8a03,0.22797980774827087
ck_9937dad93a0ed3c1,0.022886892895805012
ck_d654449f9231ad76,0.055498920032860236
ck_850e2b59bc535490,0.1015443462027915
ck_e55e5bdfc0242aef,0.27949373171451247
ck_d35c51e981b98c5c,0.042461414502847884
ck_27cdf9c5e6f0915b,0.17071165035031663
ck_d328db1e1052d820,0.04071507134125271
ck_0ea30eff5f361cba,0.01974689665072838
ck_9994323f97109f4b,0.9809606359878399
ck_09054e97bdf9624e,0.031296338591879455
ck_723b4afc388113c8,0.027598245858974576
ck_588f6e6a6a6d93e8,0.027576847724751403
ck_e1d563fab4d6116a,0.023246233149871186
ck_53aca610e20598bc,0.08478254074862432
ck_c8131ddc7ed33448,0.10140516239441939
ck_899f88464305824a,0.07823837731213514
ck_1c17c65804f8889e,0.05772716433902507
ck_45a16ce12893cf9b,0.07020747309115936
ck_f9d481aa4f9b2808,0.6305047827615096
ck_1d5d74169cf892ef,0.11686792550182198
ck_aba32acb61c1aaca,0.13774765837583164
ck_ec4dd3675a8d28cc,0.049082169535000816
ck_5dcd443fe0bbdeac,0.02828400020068157
ck_3a47e3f54475e854,0.04110050341165498
ck_a9aa5c344c315532,0.10300165775659596
ck_9652283c9f61fcec,0.016122434679290688
ck_752dd3d2487f78ea,0.04601396006449654
ck_a821980ac4db9943,0.8109362054068566
ck_93e0d6befb67f7a1,0.1577073598885274
ck_e7a3881c3e36bd51,0.609877645528749
ck_12631b78f8a03df2,0.060955686190961915
ck_57b8226610b48854,0.03962122910320318
ck_352657008983fd4b,0.3675548169475496
ck_0841a5c24fd3dd28,0.10439511268637945
ck_db9b9d5d30f74070,0.06699587111928139
ck_a9dded7f6294e44f,0.29683416487269204
ck_91a16336ce3217dc,0.15728585139763837
ck_371bd9388b287677,0.01042688204327029
ck_f285e5e1912a7c62,0.017288677878649576
ck_368b65fca69fc415,0.2641002313362108
ck_d27a73596b6500c2,0.1409779699077549
ck_2d963f9b2c4d11e1,0.21846193555633855
ck_7c500e219af39486,0.023538864601403597
ck_7d025dea5951cba7,0.040938833509471896
ck_32f632706608859e,0.054039717259406116
ck_53816231f3ffb48d,0.022640557065670072
ck_9dbe184e81c1ca8d,0.2931012154325287
ck_d74123617f22a21e,0.025897828603223223
ck_275386782b1606f8,0.030659117697388324
ck_0b0e79d33e50cba5,0.03271429470766612
ck_ba93cb604f792915,0.06370802919701625
ck_a86cd653472eccbc,0.0622430471938424
ck_87771861e0447210,0.41061377507585356
ck_212380e0371d8a6d,0.0767090709299066
ck_ef0d702d7b0ed745,0.03241224902390474
ck_2b8f33e22f939372,0.9255912231199591
ck_480347ad92037105,0.08230661194225394
ck_20124c3a16c53ce4,0.1046994076611806
ck_c9e1e3229baae708,0.05765950141307684
ck_b1befe967f7a5ebf,0.2539209511681664
ck_4672167d7c989bbf,0.3269960491673293
ck_f0c44ee5e3a42e3d,0.2343212759522303
ck_c416357d20238a4e,0.07394238121291265
ck_d0f470f8078c91df,0.10936917391306261
ck_3a70b4ee59084715,0.046102676750102024
ck_179ed66cdfc1ce27,0.016590040314772108
ck_387e5a7f163c7837,0.045545719058539914
ck_08fb463e69f647c8,0.9837306666796959
ck_732f725747393ec8,0.11690523342739494
ck_7cc5e0fa3ca5a713,0.023351493138570916
ck_ad4a4daa826ac68b,0.08540950069016771
ck_472e0be7a3b533bb,0.08752481700338172
ck_7190177963eafdd9,0.08379603976090176
ck_647ac26c5900f082,0.02090942212948602
ck_272ae2179bbd8e58,0.05347338376939869
ck_09b0d8af304646bd,0.012176217224361014
ck_ca0cc8ea9f344408,0.022065187083499086
ck_332ad134fb909869,0.04261303256915676
ck_fca2798914627dc8,0.28206718283815607
ck_4450b55f462ae134,0.08460827999738946
ck_d67d9dfb60b286b9,0.014242965483191771
ck_a9d2bb4f2bde7052,0.022414186250171667
ck_929bcae878a3ecb3,0.8341396940560608
ck_59a9e000fa275e1f,0.09173002707510887
ck_57f17254e2688637,0.05186319366128107
ck_0508908697f60ce3,0.35605973106468536
ck_946afc2943298d26,0.03601406640325068
ck_7176d12b18f2cc0e,0.0942955530392887
ck_5c47b49c26cce286,0.09096634264412938
ck_b6a2bdb2d335e1d0,0.9820420247158552
ck_1d58f6caaa4d012c,0.06397227213527154
ck_71c917295020ccc7,0.02691865938658474
ck_bc89644ae3688995,0.04889907220195435
ck_e7c212f16d6df272,0.05953748466251281
ck_c6d2e11a368184e6,0.02360315486344562
ck_eed7f1f7548df15b,0.037601286622294915
ck_75b69034000ca7bb,0.21892389554944153
ck_38da3bf629458682,0.09936502475386116
ck_90114c891239d821,0.01978129962885276
ck_8ee08f6777cc155b,0.12015711942373594
ck_bd86132499defcd0,0.13040810954740603
ck_b95fbf2b5640aa82,0.11982381826386214
ck_c530235393360e3b,0.10546482073479153
ck_be52a7ec43241ba4,0.2666597956344503
ck_d96eb3cc55f2772f,0.10339346000648951
ck_dd34f0a844fb115d,0.33720549872020766
ck_17cc7b411f448e66,0.1445949174448476
ck_856ea65fa27d06dd,0.182477431812592
ck_056d5f0301c30902,0.568157948256855
ck_e662b14b2bab23a2,0.5047250259327709
ck_209f574c8d92274e,0.08849303750018189
ck_62720b81617896cc,0.03783337511028086
ck_041614694b77e599,0.01809041274051409
ck_461e3f7b97db8d16,0.05596503013808584
ck_1b74b798eebeabdc,0.05481305798136907
ck_0ed2739384f1d644,0.040097200366748555
ck_5a4d19f1b83feeb8,0.29761260720657473
ck_463937167965a1f8,0.04578030559114666
ck_9d7151dbdf100e0e,0.08198609770366645
ck_20a7d1ce6cc27312,0.03818643441621747
ck_6031211ff118cf0f,0.022811455952520255
ck_a6fc92aa91e99b77,0.8435953954284677
ck_0aaaa9d2f75a0518,0.043853083878316365
ck_ec26e327cc1848b2,0.05730483991093492
ck_0e6bebf8ae9b9b03,0.10740150394625347
ck_e107537a4cb738f4,0.064087876025247
ck_e8ea56e122a5a487,0.13901637271153863
ck_98149ed45d38c4d3,0.1806932904227225
ck_0e719b3a6906b8f1,0.01584264716777726
ck_0c6e7bd357e4a348,0.02722772551118161
ck_d3b2b250da61db19,0.9317430152625914
ck_8bb6b0a292754576,0.28948269545355765
ck_87d70f5fe48a6128,0.048507301260543076
ck_ea9edf9c107d429f,0.06309381372073872
ck_059806c52cebe4f1,0.5286652498781798
ck_a72d6df666e1c21c,0.0646661554792452
ck_1d2b80ab6c4944b9,0.021482730369714292
ck_60557f077abc42ca,0.7428104585560735
ck_e5f5cb7dd6ce4a37,0.12001725367329671
ck_4c4a939154446053,0.016018631320127364
ck_50ede3eb561a202c,0.0887963412511815
ck_6d03a542922b2ae8,0.038237627705200034
ck_d6fe761ed0db3270,0.1532788659692272
ck_7f0cd6ea3096f985,0.020672890559841457
ck_23edb6d938a3b87b,0.034208633307436745
ck_799aaf9f2b9ef621,0.02685472619212598
ck_f8f6a03613b6dda8,0.05300096330883085
ck_7cffb189f4f514ec,0.8890791062337892
ck_c081e1967dcd811f,0.13143487500328252
ck_583d6ca78c97d91e,0.6825107787320298
ck_9332bbc7125219a7,0.03375572174402572
ck_956b5af6d7d86c65,0.8670670255515881
ck_2d634e3f24681c0f,0.178907295531255
ck_7b35d218ed0c5a60,0.050423024255707743
ck_ca5b1057f8248f73,0.05733188806227215
ck_ec5ea81cf813597c,0.12747604570326582
ck_eaebaf4d28400fb8,0.07195573634677783
ck_ae2ab6be219219aa,0.0952313441156496
ck_d99a8b4c820eb46b,0.030876859089374795
ck_bcfb7ffb7cd428bd,0.1496176158263788
ck_3dd542c2d31be2c0,0.054388274885383996
ck_c7dd84401e29a7fc,0.020838803108125487
ck_c4bcc7cefd40f8e2,0.022240408715701813
ck_c251898b5d51e3b0,0.38818668013404367
ck_36d37be780c1291c,0.053445441092857766
ck_99b4f266b61ae7ee,0.11604329024593131
ck_c37f03995f0f0169,0.01269220999572689
ck_65a23ac8e44eb901,0.02150456120263837
ck_644b1c1149eea9e0,0.05566284769391385
ck_9cf44eb0237c2429,0.04890262587941206
ck_20541686a94fb71c,0.10029560827460496
ck_c18245be844680f3,0.03702098898120657
ck_56de216eda6b7fa6,0.017633873010477263
ck_406c4442dee45cd1,0.015140397949058852
ck_df1585c7d72a96e0,0.014209515663672333
ck_b8e8dba20676d87b,0.09339500640641062
ck_0ee6965e68efc177,0.08691240320673183
ck_c2a5c54ad8d0d297,0.09001160361902139
ck_bf6fb7e6470e95cb,0.024264481475419118
ck_27fa694569140345,0.015779382689107495
ck_e04166b0ce66393a,0.06064398410006113
ck_8742114f4f0cb22c,0.47506504734281424
ck_6eceeafd56b42576,0.3314503600965344
ck_34f9951b0eca1965,0.09518369612009728
ck_384ccecd342a24ad,0.02605215702920107
ck_49c98bebd1338879,0.0135553398285596
ck_6c26c12071c91ff6,0.025672366206603785
ck_01e5986ebb9a78f1,0.11471696850900935
ck_121db7ba3be29ee8,0.20763651542053901
ck_039e6d5a330cea1a,0.5251632305431374
ck_ae8c9163cf957d7e,0.04547533475873755
ck_3f5e8f3f1df0c8c7,0.10586462090682333
ck_b1c51fdafcd80122,0.1396117699460534
ck_12e2b5ebfe8986b2,0.06934288569558007
ck_d55eb81a4d543c59,0.05824246580197264
ck_f85155ca5c312c7b,0.07396448664697254
ck_133d8a1ac7c0e301,0.9472928192690898
ck_04212a9bb9b28696,0.9862584387358366
ck_4cc11c7d3ca61f73,0.023363405494943267
ck_2df4854186ec515b,0.08208681347489616
ck_aa9b28e7fc43af79,0.8486330073093098
ck_47cad6c3def4c9e4,0.02394076661122828
ck_fbff7b5da8111567,0.05932811787819711
ck_bd25ea782e375b22,0.11886633240760455
ck_7989376f8cf64a9d,0.04682927379497966
ck_675c0ca1ebb1051c,0.024653403427573408
ck_1436f6e11d4008f9,0.06233683233730703
ck_812cb3a4482cc618,0.08604627546860999
ck_6e606f73a1094afd,0.047072211585876204
ck_1b708e2a4a0584dd,0.07663866201647929
ck_a60d6b324bae0330,0.09825275422911178
ck_706a4f673a9fda3b,0.6557843930836542
ck_a75ece9a9044eed0,0.016725731144353616
ck_9aa45c4e03c8c57a,0.13339417744395876
ck_9fe9bdce982b312c,0.062046775227884154
ck_c6fbdc5ba68a8466,0.06920977161352523
ck_ed0cc1b1c28f9511,0.06938987691555276
ck_a4e2607b4c8021e8,0.026357604828666562
ck_e02f93f51cc8caf3,0.019956324988064045
ck_7084ed3cf20781b7,0.21078741774381934
ck_cd4c63155570d6ea,0.027370783565672234
ck_d1b9e5d32d2d789f,0.021158170706408724
ck_68f56f6560a7a933,0.03309384751518628
ck_8bedacc6233c6269,0.04572040730852698
ck_ab7cb50407d6b13e,0.3148128342682762
ck_f17ed7e0fd687742,0.18386478549072005
ck_b0fe4b92fc70f72c,0.02449550153621011
ck_84d62b8196da2452,0.03106542760449847
ck_9e298cae167f4693,0.03008879226400972
ck_405b20ef9ad0ba5f,0.38906735838144596
ck_813e02e1ababd177,0.08404333515404015
ck_f234ab47061ba7c0,0.016029234425358134
ck_22b587c18363899a,0.08228770023180043
ck_4e862c2f48c38aeb,0.01886730261345469
ck_b89cb90a420c9075,0.02850363838442821
ck_be2251640f27a3c9,0.30216236596858465
ck_46bec0bff167ed3f,0.10067123206563164
ck_c0032232c2868328,0.053703745919142856
ck_030cf09525dba4ba,0.015881548988229476
ck_6ecf56236789fc09,0.9661726053831317
ck_38d4ed52cbe6d123,0.07773459186682039
ck_2d923d957ffd4d53,0.03238967190419219
ck_3af1eb88728ed8c7,0.053420492919204234
ck_2f8120ca80a1592c,0.0752416844344759
ck_6cabb1a133f0b151,0.058176150411387864
ck_bb6cf7e7b707731d,0.9159141742899322
ck_c8307fecafa90140,0.08358262566866158
ck_75f968be67f46d24,0.11865802710861416
ck_df6fe4ec5a233213,0.022877508533878103
ck_b53e88c0e927d896,0.012243893625487223
ck_f0093064aa28f4d0,0.09879391195754708
ck_ec9976cabc63ff92,0.02253247660990704
ck_30dac0a58c5590cb,0.5387550629184413
ck_348a525791ae6475,0.10919826333724761
ck_b898d912d1181ef9,0.21548074639474538
ck_f5b1200dc6f95760,0.08038663588528697
ck_54978a073e7a0b1a,0.03808465561498317
ck_55933936536a4071,0.03134446015690054
ck_d6ba7ffd2ae08863,0.07566536559122859
ck_404e2217fd87fdd2,0.01558726172468785
ck_dfaafdaefa5716b6,0.4705312580563055
ck_556c62e92d4e7e5b,0.4263540328542718
ck_7ce44f4e06d58111,0.5240143263518106
ck_465cb8ce232c7670,0.026147834587879913
ck_237508ca4fb37268,0.2714459877016879
ck_ba4a6b9aa63964ef,0.18423333647837487
ck_4802a0a7a1882c88,0.6240011981560274
ck_9478dfe4114c30f6,0.03022777292227927
ck_5138f6c575dec64c,0.09127866349754629
ck_aebb42afe430e2e9,0.024904654435642534
ck_004efa95555437e9,0.03019768468252879
ck_11af112667c98394,0.05577424752860025
ck_44e9a18a8645c9d3,0.021155140345397394
ck_2605fd571219e28d,0.01334704263685629
ck_dfc933493561d84f,0.03948422254114123
ck_67674348e68d1f25,0.03530332207456185
ck_dd97429277a2fa00,0.18672767625589481
ck_d3eab7a06eb48348,0.0917545089931598
ck_0b9fcff9667ec05a,0.0462322384641089
ck_fc4bfd6e739bddea,0.02187914626612785
ck_43292f70a03ddf2b,0.36115163825263324
ck_5ff6108056a3fef5,0.11513424308533313
ck_767e0be086b5f601,0.14089869505905578
ck_b8465b1a5666155b,0.47006172765976056
ck_ab2e3fc56f5b3aae,0.4273965745090741
ck_1833c81d693c1e07,0.9628025695409116
ck_0308e0602b856445,0.013530042185473138
ck_ccbdfe744acff8bb,0.07452065420820034
ck_b294aa27a0b586d7,0.0142177547790999
ck_a3747201f377626d,0.9632854115237945
ck_edde1d7d1db24725,0.1436139163553202
ck_ae3b47d6e1063704,0.10533031227843814
ck_3aabf5e0f4defb41,0.05039085318971777
ck_f034adb57391f3d7,0.05825351437335871
ck_533672fb40531607,0.39670056403883536
ck_2a244f1ae08ef83c,0.08079044995476149
ck_a35d81bcc54ece2f,0.027390774895796405
ck_78a61215675b38f0,0.04268989285449512
ck_e013d88ea7939616,0.05837486143218907
ck_e5018f9418e0102e,0.21377537769237967
ck_d4e024fcda401a31,0.03389992479991748
ck_f736cffbdb82db34,0.012446756022035056
ck_1507f5aa50cdf3a0,0.075123910795184
ck_18270fee7c8fcee8,0.05168462148662592
ck_95ffa1a805a1c9d1,0.026757713881868234
ck_11132d245b94d045,0.022148967613984803
ck_7b93a622e40d8b14,0.10589022508342344
ck_3854c08d17704347,0.313243475068571
ck_7717fcb100dc4b5f,0.11809880782490194
ck_ba54e0a1c328119b,0.8768236360443454
ck_a7afdac4ecbf2de4,0.8284565642607992
ck_ecfb771ed2352085,0.04424999729483519
ck_68be4fefc85a6b64,0.6983158285914872
ck_dac7c50bd6d0148f,0.030868098540173843
ck_87cf36a03bd63c24,0.10785174417511842
ck_8adb40b168b59d7c,0.18033879945803669
ck_8d2f62930777416b,0.5980659840277427
ck_9958b58da9e3c21c,0.07585830890298104
ck_9440335375701f44,0.10245689998039882
ck_e2f88e202b6f700a,0.04110300000539565
ck_4c7c50684827a2cf,0.03603431376228541
ck_8a6ea4a79b1c7a8e,0.02152690581798113
ck_186dbff4b24a3bbf,0.7588258000542785
ck_220fda3c11c59b6c,0.2495949435757953
ck_3acccc69f8b1fd14,0.15324932108679626
ck_9de191bf79afd676,0.06482943373834045
ck_6de6b1663f9457f4,0.015922386274238837
ck_062754f8b79b86e5,0.0185720093296423
ck_aa153a89a52f7eb5,0.10849044847317572
ck_34a6bd3be642f15c,0.12446722149673994
ck_9371c700d9830326,0.1482509676331116
ck_a99e0c258ad7576b,0.08505610927059619
ck_0a7ba51d626e932a,0.08160524130993238
ck_852c50bbba1ead13,0.16440488649808963
ck_43dc13b6b6d31297,0.15458253162055718
ck_7d81b59d615a6649,0.2742762657097161
ck_39a3f1da060e88bf,0.09843045587016222
ck_6fb2d142c09ed3ed,0.3046151459996176
ck_6e5752b87324b58c,0.056381931782087245
ck_9441d48a12e8a4bf,0.580030671737048
ck_09e9c51eb538b255,0.029055645151032095
ck_8d0cd981ed3a183a,0.1776894822979023
ck_57c07c45269ca8c0,0.0469723758521152
ck_ccfc9ab888ba933d,0.03080335106765089
ck_9658a6ef471053f0,0.020081793339840497
ck_dac3852758f4ea89,0.012855170068861072
ck_b1ed2278f5f14d82,0.1953006020230951
ck_333544d173524f70,0.11653087491367506
ck_fd4582e3853ef23f,0.045767121322867615
ck_614d936cef98db04,0.017237042794225152
ck_6bc351a3d57aac54,0.19463299064438397
ck_af5842fa7202ff25,0.06804071250714569
ck_81307759252571be,0.03085894375842419
ck_b4d2f02d2cd45720,0.41138312543382943
ck_1bd753a4681946c8,0.9614592486272734
ck_46d8c029d46867b2,0.01586897667603717
ck_b7da6640fa2f49cf,0.32226333044384264
ck_9ea3d5a5a91fef9f,0.4531942465696085
ck_7b922518f667f76a,0.009873542655441332
ck_2a5b31594206eb30,0.7512889581917719
ck_d9506476ad3f9e08,0.05925546402227295
ck_c8791f7ebd4d93c7,0.07210856853612968
ck_b5a3e20fd210017d,0.084742449214758
ck_8e54386f4fe22cad,0.06895096504342631
ck_75296704f5806f56,0.1568657668554462
ck_0fbbc7a6af300368,0.029870831941574152
ck_d19bf4dc0627113d,0.03993548793202188
ck_7951bd4eb99a0175,0.015031600688032337
ck_059e4fac6b7f704e,0.03761560869222661
ck_2ce8931af02a2ce3,0.016994708532312316
ck_9e665618a4860306,0.0303840822085533
ck_6fce5a893613fd2c,0.010105505660697464
ck_9e3fbd04e3532f32,0.6141808509936987
ck_55f2ef0de3420e3e,0.06405113068872009
ck_8d87658a6f5d204c,0.9006468831899518
ck_6d6ac1f5dd882aa5,0.019868311096024244
ck_55d0c7012d7ef236,0.06446349465266576
ck_7738eb085e5753d6,0.3201483290830568
ck_0e6e05c3cc8c8242,0.0813634088176256
ck_8d27ff8383d48132,0.01968478335811264
ck_9afc3bb849f3a64d,0.07024304240683416
ck_27eb86a9898cdfe3,0.02251601020543811
ck_1d40e4fc541abe93,0.5711169355786929
ck_4fd9dc00e1913587,0.9634482435117581
ck_b26cdb2b7b165d2e,0.04705151990932859
ck_a79a27767a02e31f,0.06871612685203576
ck_f0c18cb9f951a71e,0.10633967314534674
ck_50460e0189de6274,0.9542805929989732
ck_5e5280539257c986,0.07921839001031276
ck_eeb854318b3a6f0a,0.0401568196677605
ck_943f66f28dd24750,0.015875251864484737
ck_984dd7452aee372d,0.38959240168258585
ck_ecaa6de0aca5e9a0,0.02812106451770383
ck_8f1cbc432e2774f8,0.13465585318579834
ck_d91d9f8445b9769a,0.6132333565062735
ck_73c18e03e3c7612e,0.01195464944197109
ck_aded05ada490da20,0.07283802113400213
ck_f744e208183971f8,0.031665385083647184
ck_02d4cef6358ad3b7,0.026791831490376086
ck_08ff5bd467226a5f,0.019408726096062468
ck_f824b326d5089885,0.742316817527202
ck_3420f2fd520890f3,0.027500400782093867
ck_1838cf8d00f5b1e1,0.024750103180775487
ck_a85182ad90b6f1e1,0.016954468179911284
ck_fecb39c82c43e76d,0.02645931126881229
ck_162513e73782929f,0.08172579035640515
ck_2c27b77c59d8f23b,0.34171387173692436
ck_4221e07b17388fd3,0.3084666664822207
ck_adfb8472d5c3d669,0.04654745852725046
ck_0742fe64055d686f,0.013607950151651208
ck_5060aefcc8b6f958,0.11733389083552274
ck_643f549b4ac78a26,0.5213702097132605
ck_dba767885bd6ad69,0.06948816152604771
ck_0dda35c0c64c7073,0.9627920715030063
ck_38ea56d43afa5660,0.0880309319580086
ck_d813e15ac91f487c,0.3748261964015079
ck_4c840e5585a7b167,0.6536490353740358
ck_cb8551453a7bb929,0.030519795499647076
ck_05a00b1dd5a03359,0.03295119300876098
ck_837cc7fd48453a01,0.04846246044014614
ck_49dd816b31fba6b6,0.8048332675007736
ck_86a61d9a39768e87,0.0638372970450624
ck_cd0e76f0e7bb38cc,0.15364506455563776
ck_dbe58392635133ca,0.08932281175814684
ck_3caec7dd6f8d02c9,0.13938114297173926
ck_bfd9bfc5b6ab4a54,0.7344616471907627
ck_2103399bdb2898a6,0.03529084833944439
ck_329f7de7279e74c5,0.0636005443630579
ck_9bf0d28119fc42c8,0.04464273990730669
ck_f781539b1042dc83,0.019158314506591882
ck_9986c7d781ac6b4e,0.041246459509836075
ck_a627734880aca848,0.012236440933958193
ck_2106e509d77fdb4a,0.6071192726113709
ck_420d1a9c604293ce,0.08370891923685776
ck_fce0610c527e2b56,0.06204695960462573
ck_073da541ec3f9d3d,0.06202484471943526
ck_aa5f3ab48c17fed8,0.19308067083656738
ck_0fc1086e1c9e04b6,0.06811312724984865
ck_5c33bb46c1a5945b,0.2102985566224727
ck_500948a8d4bd8e13,0.10118739786110145
ck_19becd44f2c3d2b5,0.43421284713359054
ck_7d0fe77dd5ddb656,0.04468042335557986
ck_f158d9e5f101bb35,0.08842816770014453
ck_cdd7c77823c2257f,0.29436196168611223
ck_6c7b41374f9b2e55,0.039559417355342144
ck_417090dbffb1a63c,0.13797873532214014
ck_dd0e17605f970319,0.06787408470359792
ck_3646515079e6be55,0.13599463434010234
ck_89c8b06aa8c84b2d,0.4217779646032668
ck_e4d6dedd97233c07,0.08893113771261439
ck_bc82fb1895fddde5,0.022085896251014515
ck_88a8b1d442ca3686,0.11721362899625583
ck_5791f8f76a629a4f,0.1735058942946605
ck_9cf5e88e97c8c7ea,0.09718724691985363
ck_58fd684aa5a6f289,0.01040215194025169
ck_9800c21dfbd8e811,0.01641076584039075
ck_8ae64df60ab6ccda,0.08987544885744025
ck_e535fb0f0c00418d,0.4055807000225127
ck_48011996d54855ac,0.8390982385314069
ck_ac79c72a8fe3fdef,0.17873357758509287
ck_b8cc2df5192bc49b,0.2445813279095526
ck_e96a5e1f08f8a867,0.05297142071299665
ck_84df6770549e43fa,0.023458314783598853
ck_e5f7b99ba6ec5767,0.21648819809568548
ck_8347455ab53ff620,0.042395979003662085
ck_a84f2cdf695a71d6,0.03054996210374522
ck_90456160115f9ef4,0.03818879605067257
ck_ebd178b3f3a9c50c,0.049076389485435454
ck_e1140be6157bacbe,0.022788405817600485
ck_744ffc11d32b96bc,0.0664169979339098
ck_e12a9f7d027e3387,0.033102793621060264
ck_cbe525da0b69f18a,0.13573195990422365
ck_aa59702537557ff1,0.06593837804054456
ck_0348cc6908f7f3af,0.01612451782886974
ck_120e995d50956bee,0.09658262688078531
ck_9fcde1ff46cbbea5,0.019494866122933503
ck_54b0b070689c50d6,0.011919996885311139
ck_966a167758fddfd4,0.2651080303929064
ck_d5194f2e92fd6427,0.039491219901861246
ck_2ee84f3fa27f2cb8,0.03373292649942027
ck_57d0a7eb7eae2eaf,0.13414931055173487
ck_6a2c4edd82e10969,0.021787758148066244
ck_96e4d38ef670eaff,0.07182902477258102
ck_52cc2fd5095b169d,0.06393362641564332
ck_4b088920f3a844c1,0.21938013055247213
ck_8f3ccbd20d59f1f4,0.042187772330494505
ck_e5e5dc431bed6f9d,0.04857240373931453
ck_e8b5bfa6838e28d1,0.11492526996671527
ck_4bfeb78b47b7c6a1,0.1709745769172741
ck_a705c61bd679496f,0.06565656129127255
ck_731869a0c39cb2fe,0.11623738935733195
ck_259eb102342057ea,0.03659206084562196
ck_47a6005fabc33551,0.0285476510077167
ck_682262b455a9edd4,0.015913011299917162
ck_e839d104854945f0,0.11938535235679253
ck_761989aa4c47d746,0.06844570760079835
ck_44211dc210139ed3,0.04480717344319958
ck_9915ceedf63a5289,0.5152678947050247
ck_da59ab47cb6284ad,0.01201879630592173
ck_e5cdbfcca2456652,0.02398009932296869
ck_13f2560c6a1ec62f,0.13809086801514014
ck_a0543e9b3abe1001,0.46032579050146827
ck_11c7a58e09e6547b,0.19773789781121504
ck_69587a134d43a4ad,0.5136859743561293
ck_28dc0de0ae291f37,0.11036007551266469
ck_298922703c5bbe05,0.09869372299889473
ck_fa5ba9ed9ed6a343,0.26208822127578074
ck_c08e64d424e56c05,0.17422236616568515
ck_598e036a28262aeb,0.10937193576400364
ck_3f7c870510083a51,0.08784714714309783
ck_364f8203a3e98d36,0.8763648530807558
ck_7333cedb61506ead,0.1711638129964036
ck_1d96d7fd65f208b2,0.0862198269780317
ck_63133a79f23e2627,0.17357616307652676
ck_901d820e0b72abae,0.014893227568976077
ck_5dd80b3c01457bd8,0.08360209737772463
ck_c0b8067c144ed6c1,0.05778505039573592
ck_cebb8aa8c8f62c60,0.016868991686599073
ck_79749eca42ff1f5f,0.09868580656836907
ck_2cc1d9b587f6da31,0.34969468586577607
ck_ccc7916b56d42195,0.038724512794399486
ck_e43e53cc7b8b8e41,0.1792835662804099
ck_4ab74a6e7450416c,0.06357836378472698
ck_6e44024e9de301c6,0.015557876806158917
ck_dd78cb6ae2866cc6,0.08580299544300386
ck_c363d3b050baf3b8,0.14668353112257942
ck_2d46291975f0dd08,0.021895169281045262
ck_76ebeb5aee42f041,0.13380510677123145
ck_8395f004cf4d4c08,0.027160166450237756
ck_de7259c3741db179,0.06809166943674129
ck_3938e92585df2b34,0.09150662377993499
ck_af69bfcf4f07d932,0.06133926321666499
ck_1723900ab9afe374,0.23321941137970562
ck_3d58628d1c853c8a,0.05018740905046043
ck_12a074db100481cf,0.2488774240666231
ck_8716cbf892c50e29,0.13073257956022416
ck_fbf7351958ad9615,0.09118747595290569
ck_a50370907e6b397c,0.19520687651779117
ck_937402a60df0821c,0.016081374386674917
ck_8ce9c5807acbef48,0.059541572947946514
ck_acf7d65eaaa4c31c,0.01313036602177358
ck_ec3eb6dd0967cac5,0.175184228442462
ck_fc832b0c90c9bdb9,0.8966240211010115
ck_8129e81cde280131,0.042613102777870296
ck_52c0ef68aa2fb8cf,0.0748287706853493
ck_06f042e9b1b662fd,0.25816507506544134
ck_0bf35dcf7b38f650,0.025043993956191158
ck_615763afc2e17a7f,0.012434672747949032
ck_e72db9d4b2fc9997,0.9598901523478476
ck_13757bf0eeb353e2,0.04067171305113582
ck_abaf371ec8249c4a,0.1678351593423179
ck_9b7167da0920c37b,0.13085804955228703
ck_2e824b0b27494a17,0.20354494666298897
ck_9a0b605e9c3220c4,0.09698249713525327
ck_a5276af466b681de,0.0326899887481507
ck_9e0383e1fb6e214d,0.1756811430837661
ck_6a27c44b691dbfac,0.01676485183375111
ck_af39767cf583905b,0.06404952201053828
ck_243b1b9fdd3f9a74,0.013447189647650454
ck_c0422e638a9c6046,0.11814621961752605
ck_e0f3ea3373dfc4aa,0.10023860471772056
ck_d56ee1654378ffc7,0.07735761246976375
ck_20cd2f5666719baa,0.010960739967140112
ck_4dfa1c1e9b69fcc8,0.05156170567725971
ck_5d22e9ca1d15180b,0.8430408577295254
ck_f4a7ac178fd55f0e,0.020431924551411844
ck_fd5609bd23a1eaf8,0.04886554752225548
ck_49c3bf13dc9471ce,0.17259690831069566
ck_724085c3452d4693,0.4797410536007407
ck_e5d1462846154a75,0.146456195086464
ck_c69ef0f3e7d6acf9,0.4680410335534793
ck_a2d0417791d4132d,0.06333234971800583
ck_00a07fc2a9183c3a,0.01624415734090883
ck_781b8288e54ba8f8,0.48707530533144755
ck_d74a62ab3804a81b,0.03213323103336612
ck_abcbde211b6267f8,0.13430470629468252
ck_16dbafc035574654,0.07629709899632972
ck_018f780215ecaf38,0.06156443426815727
ck_0b259620eac51618,0.06010024929242611
ck_4f875342394c110f,0.4992452166009987
ck_399e45e5fe9beaee,0.030170163361432495
ck_36224a2d394ebfe4,0.35339815521251444
ck_c189b551bd111332,0.016560404936170843
ck_125c5a720ecb177a,0.2607728935283575
ck_76d010aa02eb477a,0.01565406028062261
ck_1071d14c46c92379,0.79545438526732
ck_61d244b2cde483af,0.09305359408678192
ck_2ff1860da2004c84,0.013639810716368998
ck_c5b583490198672d,0.045816539251720446
ck_1294f7af22fade11,0.2576826729053601
ck_e3a22799716df39d,0.017653788123974133
ck_c77e22834ef97005,0.8344783803177778
ck_73d3689728270a2b,0.018299240731327007
ck_295565fbf77ef885,0.02313745434833522
ck_80c0a7f54ff4895d,0.03317785108452572
ck_f1ef5cf7f10b16c8,0.06163075257830535
ck_a958b2461ffc21a2,0.22089151317977776
ck_0e7899a57cd617d6,0.01836532861852265
ck_9d4fed252718f58a,0.044460007059907124
ck_83c2c34add971d76,0.055231702008135486
ck_9ccc030ba2de9fb2,0.15378911895743824
ck_cd691e3466fb3742,0.038005763915432395
ck_49df70f908dfd069,0.32693617598684455
ck_362ce13eec1e33a0,0.015407559936255385
ck_2452a30397dfc54c,0.11372873993012572
ck_a443d49c2b4863b0,0.06720971297717565
ck_c8b2e2cb349dd0ff,0.026268981100100022
ck_354909fecf5da8cf,0.060052630531944144
ck_841f598bbd54c83f,0.14470056355263747
ck_cd6fbd4e8724f994,0.08037396208330855
ck_e0b3158111370118,0.11064435786780058
ck_4c2f2eb657c2c60e,0.027332335816305273
ck_ef346071f0b7654b,0.03991683222878662
ck_f3bc10e3decefce4,0.025917973669768543
ck_189b6fbe9b9192e7,0.03726005062569247
ck_5245cbc5ff4d4fa6,0.1203682661798234
ck_cb42e3be6fe87f60,0.06539933724694463
ck_966d4d713cbc7792,0.017441281147497198
ck_1c8c969667cbaab2,0.9408669389558525
ck_d35e3aa9ef5d405e,0.4375517016982406
ck_a1c39df50a5873b3,0.08621898560048559
ck_a152165caf295b51,0.12634726826624473
ck_891eaedae139828e,0.05572159929355927
ck_1a46b56f4734d52e,0.1602437300406949
ck_5e36042cfad96c99,0.8198474646177029
ck_02a8582c2603e675,0.03259070020528239
ck_6def9d0429e4ed4b,0.10862991091564583
ck_e137400825a1e3e6,0.0778906076801551
ck_d91ab840848a54fc,0.03877949045731523
ck_becb6e1c608e0078,0.02003759703650286
ck_6fd8c86ac719d7eb,0.43750916101114806
ck_3ed4d13f12fd9d0e,0.3307453153788271
ck_007337aa99a4891e,0.03199621651639234
ck_60c3d8306527a08d,0.04294147942785283
ck_95458880a54df0b1,0.6081783537696349
ck_b48cd8593533fc1d,0.931994276767278
ck_021c6a4a7e3f1f0e,0.016179093447225824
ck_764d40f865e710af,0.07319326147987339
ck_4b84357ae8ec7777,0.06170746723230161
ck_3397c7856b4669a5,0.013500072471013012
ck_920bb003b42e6310,0.020417090932111158
ck_8f59f11b512d5b7c,0.226117844880823
ck_a3acf4b986afa98b,0.6745774436623937
ck_e89d25ed7bdeeaea,0.021293475244125264
ck_70e6bca473bf6902,0.024591932421394312
ck_186161ce152836f5,0.05761065912738666
ck_9191579254663f5d,0.028870271184114702
ck_1e6628879e9d653c,0.044370297909889014
ck_b498fa91a0776ff6,0.03373052724409021
ck_cfc2384f22954830,0.24751798886969828
ck_17673a1c2867888a,0.013938048882820691
ck_523dce06515b072d,0.06516906795217259
ck_c20638a325ead2e4,0.016027383258056742
ck_d3877e1f907cc148,0.19507881269243932
ck_e9a2495dea8675e2,0.04720977995263718
ck_7e561caa5fa1f3f1,0.18593725054425064
ck_455672e652fe1abc,0.9636504643856937
ck_7f8f864fcc90ca82,0.13340993357268546
ck_1ad36046aaeb816c,0.04768942262531717
ck_de056e37c82e8e00,0.0807593628342963
ck_7484c214c889fe7f,0.15771300002458888
ck_32430e678c4f9f53,0.03688609880111899
ck_6276ece8f80ea799,0.06523270868722528
ck_ae8e5dc4b725bc25,0.5045785585811456
ck_f01be92dc78a2dc7,0.047242430546004785
ck_233397a8bd40d38d,0.04058432082430115
ck_f8124911450fdf31,0.9376462605848231
ck_aa0a3179f1111674,0.041730593655328066
ck_2366b29ed9887a5e,0.0175725576833611
ck_1f22f04dfc08cf27,0.08179108787654703
ck_b62276c3426d680c,0.05610921925806877
ck_d099fca88691f66f,0.3152474424148485
ck_166bd1dcbaf4d6fa,0.01984329413141559
ck_7b1660e942436e12,0.07588708648698034
ck_4a9a791a1d409a3d,0.23443588994546566
ck_b003e5b54df65db4,0.09533451419300915
ck_64b4dcbf436f0b75,0.06072736760178149
ck_26e9a7bb2061a58e,0.17048122791662032
ck_08b77ad5f8f73007,0.03489957383041132
ck_366616a725afc6bd,0.0807955302486155
ck_934fb5064b6eefe2,0.015822709971331114
ck_c6abd5d57b1009d2,0.02304451899310934
ck_edcfa9e1cf29d813,0.07278933651556789
ck_c30201ebd003fdc7,0.045657091151884883
ck_c54643d94d3ce355,0.27915817168173107
ck_02adda6e91e49650,0.12072017555540733
ck_5b73d7c5255e58a3,0.7485715311567211
ck_129ffae92dc01408,0.011838129564931063
ck_fa321945ebedb916,0.27941957723330574
ck_8da980cb2e1e2bfb,0.0953623850413448
ck_0576b00d728bdf19,0.15433027531225674
ck_c543d82e22b3c8a5,0.048508248372813215
ck_0027ba644f9ae2cd,0.3313722769117503
ck_8dbf61df902a6bbc,0.011856745243705953
ck_90eeca1cda79fd41,0.021517348707640556
ck_86d7127391d4e01f,0.01822961702558033
ck_73762038c7ff2f6f,0.041437609515019985
ck_a1484e6215fac651,0.6771910258796087
ck_cb83b9f806e90dc6,0.38377919467991845
ck_8c6f059c95872126,0.021264581328769
ck_3174419a81e7caf2,0.023530730974136525
ck_6a0f8f8fa4a3c2bc,0.18013562996072272
ck_b5777605668bfca1,0.01805822094575804
ck_27e4de495abb4d15,0.04922097501559973
ck_7f6fa79c7a107161,0.10394273350214266
ck_c36ed9f8e6792ea4,0.11839906704046747
ck_67a1aa88d2ea554a,0.17782204667041382
ck_09748dfe4df3d540,0.022268322352675955
ck_27fd85b1e38b675a,0.01577876984427436
ck_2369689bd795ee10,0.04073374255462409
ck_4eb1c12f7d092bac,0.014480184124072808
ck_01fbafc42c8e33f5,0.05835674319683476
ck_93c4e05699b3b7d0,0.037203571762421596
ck_afc484d1b6907983,0.048334681633177834
ck_1b2d9cae92a1aab1,0.19907523122917364
ck_73b729cb161487f2,0.032692070329694685
ck_fe3c1d0ac090d960,0.1250361361477101
ck_408efac1d3885ff8,0.23319482908973035
ck_ccb4dd9d0a48a76e,0.03703942538434687
ck_2987eab34ca7805d,0.04848707190093613
ck_1dbf1f15193197db,0.1915907832481201
ck_4ed711fe4053e74d,0.07241862354917028
ck_6c54adce174f45f4,0.02497258764779425
ck_a6c740041faf0bd5,0.04595487544706361
ck_b05c4d33c4f43639,0.3114687304561066
ck_032880f1114dd51c,0.12671183753873946
ck_22311b037456a76e,0.018561740371677866
ck_5866b413549765bf,0.01924113250827527
ck_0e808afe2570ecac,0.04798129122144614
ck_634276b05f4381f8,0.07954192384440273
ck_5d8773badd0d4740,0.11694045023366902
ck_82b5b79ce3517102,0.9521438962863324
ck_b378b8d8100ee4b1,0.05571083218215859
ck_54e581f71be5430d,0.014898611224259745
ck_798ba4b8aa544fea,0.03287114387010907
ck_3fe86b6331ff95e3,0.29571774856470495
ck_81275d9d4c559e6f,0.03715314859642172
ck_99a4e5ef02d89493,0.1162943867007094
ck_54e2eb018d947790,0.2276334193268529
ck_966901ea9c77cc02,0.05389179667118066
ck_27d69ff4e0cb428c,0.43860412936907095
ck_2cee2dd7bbfc09a0,0.9392944198956251
ck_4136b00924695ab4,0.01084680251292684
ck_59a164c40c03a45f,0.2613793936554335
ck_3e24b026bc66789b,0.02185427224831306
ck_8105bcf69a75ee47,0.02555250857093489
ck_7a1782cefe26a456,0.41888014968174386
ck_970c7dc195161272,0.012366476514223729
ck_a48ec0c00ae20e82,0.303404435022898
ck_54b374ade34e1dc1,0.023213564142518506
ck_74e5dec189761d14,0.016219615222623295
ck_4717f24f2c6f40e1,0.371249928388806
ck_fc8cd8a8209e802d,0.039489586226742625
ck_71db4131d7efe218,0.044214824627914304
ck_45424ea6f0bc4650,0.5902973253259649
ck_3716c6181a5035bc,0.13177490384624818
ck_26de14b96bdad4f6,0.04299345359128225
ck_99c0a41ac9c73857,0.015023140733978542
ck_645f15bbbcff3b4f,0.9467589318386155
ck_b7e25ddd41514d4c,0.03176506907330559
ck_d5c14e877ca7b755,0.030788910719473993
ck_05ea4440dac6cfad,0.12225009109133252
ck_c58bafff7b1955cc,0.06912004133231946
ck_f0cf85b67a9b840f,0.1004350118875614
ck_ce1500a7f0d03fba,0.4327830575067838
ck_d4972a775aadbbc8,0.030431685696146262
ck_3eb6146c262e0fc3,0.020120783184191787
ck_afb23858a4ef42ed,0.9662482985662095
ck_2c1def5c91c52a5b,0.36743465344794674
ck_72e550559487b919,0.03918371217982651
ck_0284dc2b4f856b3a,0.46276164540527054
ck_03be334935e999a2,0.05271631625059677
ck_e35a4b4a3cb4cedf,0.0490968182144735
ck_5abe57dfff4b735c,0.06713725890912291
ck_f5f87f772388efa0,0.0850336425777505
ck_5a22cb36d612236e,0.03574876940601495
ck_8ff1e6028e764472,0.6742959653259619
ck_2ab28149b0986642,0.1320435827482154
ck_c88fc1bac79fa6d3,0.2703031031615938
ck_5b137d74bba6b1b4,0.009936167471030011
ck_11f362dca2dfaf5a,0.10051397887683457
ck_7f960541e5174565,0.031552104510051915
ck_d5458ba39ae94498,0.057739177801445225
ck_0a921a73a90c2e39,0.12842912494748998
ck_6ad56ef40086dbe4,0.046984683126356286
ck_b68199ecccf2350c,0.016804809632433155
ck_6dac66c8198c07d8,0.05636800101551691
ck_9b9ce7bebc235fe8,0.017589945035280784
ck_6b817117d87063a8,0.152105482276675
ck_900d62b3184378c7,0.017003167824778127
ck_eafe9b89857149b5,0.045225278076162743
ck_e74716a525ee5b24,0.01328311335043208
ck_4e9a6f06ab134102,0.0891096255295169
ck_b0d33b5a3716661d,0.03742842748425983
ck_8703543bf3134306,0.04245329585337978
ck_923d6a0f83accef1,0.028942935794785598
ck_52e37e2170532e2a,0.5923802533237905
ck_c1c5ea839c58958a,0.20980509279966778
ck_660f0006780e87e7,0.04811421371009116
ck_830b2c5d1818ac07,0.17735403953898968
ck_b080ff636932d1f1,0.020055325588676565
ck_38730aace405f2ae,0.9847712548901696
ck_9790138467a06223,0.011578401452220386
ck_10de0b0d86b17839,0.02352755521283234
ck_c3e37a4d3382c32e,0.013744499646964992
ck_dd8edfefa1eba531,0.012583311630716885
ck_8153cdadd300d234,0.01836204146365441
ck_74d0e7c2c6b63d36,0.9597144930453456
ck_c478aae3031bb328,0.017146075404134042
ck_cf301f2194975866,0.02820726455796137
ck_f4de03f44e3a5bd5,0.031001474038776157
ck_b06ce826e593b210,0.16026886174509203
ck_2fc70b6baf6a0e26,0.01833914301159952
ck_d208494cf5c90047,0.13490524103272877
ck_086d29ccae565e5d,0.017323458624905332
ck_d5ef6dc116dee408,0.08957734028804622
ck_fdf0c5b722d83464,0.04399355915530412
ck_de8494b13adeffb5,0.028361698263260245
ck_556786868599143b,0.15531055823816126
ck_4940e78cbdcfecf3,0.07901935226567704
ck_d32fbbfe32c00416,0.049466516898976465
ck_bc7710f7e9fae649,0.018190671781982172
ck_416f7ac57da081a3,0.06772330544726468
ck_6fb39b60c67d5475,0.03238288703648297
ck_e40a156511345d6a,0.022636661347524647
ck_49ab879b5aa7fccd,0.4308148472557695
ck_bb643194d1cbc47c,0.9839988905110371
ck_b3ce8f1bcedfa043,0.0789203061724864
ck_558ebde8c29132a4,0.0944155614167317
ck_e6222925762273b8,0.4724394030937371
ck_bd80546b4807dd59,0.05025189298787692
ck_bd21164bd2bbb635,0.10491970200775455
ck_ea835557d7043667,0.024052754104628798
ck_1411a80a157ff39c,0.08746046618106318
ck_ab973888c20c9120,0.19116682411216335
ck_95b48972061abe82,0.0273692406059228
ck_fc4a43f8876bf10f,0.46588280893589046
ck_f34fb7ccf82f41e5,0.06214113464482586
ck_5af9934a56801ac0,0.03148846679216114
ck_fc7445ec76389a58,0.617030135916779
ck_1eeacc26f02fbba4,0.13231390718145525
ck_4f325dd15c9bd45c,0.12582813966860426
ck_5009a6c8bbaf15ba,0.1426143286234254
ck_0f3de7f074bb33af,0.03310448719684628
ck_2cbc2f93a32eede8,0.22272763572249277
ck_4bb90a61c21a303b,0.09974490007031203
ck_3ade9eac7d7b0dbf,0.38897301753972974
ck_4859a58629622915,0.12770984503445174
ck_5fed957287ebca03,0.01623056724783711
ck_ec01ae5351500355,0.020285570844418916
ck_703b41624ae6a5b6,0.029006592914671968
ck_97c38e7f61c27e47,0.06416924297141807
ck_db2c0908150cb2cc,0.1275442872425966
ck_64ac5e6fed86ab60,0.8259450971124134
ck_da1c853b0a061e83,0.15915771899311618
ck_9a36916b60178ded,0.9598809824007501
ck_3715bfa7fed2c675,0.028399144053331608
ck_dd3feb77d7d4f6d3,0.2319034546991812
ck_982ebb24174a4ade,0.03435582803088189
ck_f6b7a10d47dd9a1f,0.03667287339983594
ck_1f56fe99f250cdf4,0.1416078407668606
ck_deb3ac0606d6f6db,0.041726673993926267
ck_e666629e5a41b39b,0.049155379951829795
ck_756d2c13d02b3e09,0.11659478527043783
ck_7bc752ae7cf5d55f,0.040905083878447136
ck_fc0cc4b25e6a8194,0.03456909587778356
ck_9b2b0e286de78a1b,0.08511064481388876
ck_24b0803447211bf3,0.0549667500916713
ck_82eed68d05a42128,0.16756207156532058
ck_c8a03c516ed5b05c,0.31617298907077673
ck_e914974cee1bccb1,0.028832390363716334
ck_0c533ff2d0f9962a,0.050605370702901026
ck_c12805fa5d970a83,0.11587986456453958
ck_fc2cb29918631f10,0.35271402195917856
ck_c20e89afe575549b,0.01562382117840332
ck_e1ff9e31becc27ae,0.6046658307616333
ck_18116d0ac08f1996,0.9676476845208137
ck_885a83975cea5e64,0.017252966781313512
ck_a0c3059a959ba5d1,0.09514229168736557
ck_75257ca7d7da2861,0.055905315295905714
ck_2210f7a0d13bdbef,0.11213817180495389
ck_9cbd9ecf8374f65f,0.033256188446988556
ck_18f67c00ba21fbde,0.042566712493463894
ck_2d28f14d3973d8fb,0.014776852239590717
ck_8b3401b44aaae728,0.034238712613748945
ck_9d8e9ef37797d3af,0.8023860019663585
ck_9f50920c894f64e1,0.11603492902959671
ck_4737e0d56c6fa0a1,0.05114927214482974
ck_52c311f29ca3aca9,0.007814562524559178
ck_6a4981bc721df37a,0.08650690132985726
ck_823539d936c55fc6,0.013902309909615551
ck_df5aedb4118020bf,0.9657078148165891
ck_a911a066ff0f7b56,0.12376030174347333
ck_684609767df4a14b,0.227163261043123
ck_f2350bf355dc919e,0.0838637833801997
ck_8452b6cf97c65a5e,0.03838982755841634
ck_084cd84501012218,0.9273131466429456
ck_ace6b72e5bf3e93b,0.28095260024651225
ck_2afdd69094c955c5,0.15560615049540127
ck_fa7d5be26bf7b31c,0.33374125887035727
ck_4b041217690fca2f,0.081963039537327
ck_9fb8e3d38cdf276d,0.9045072098398372
ck_c1ee56d65a42f59f,0.07553230387199031
ck_fdeaa1cd085691f0,0.09364981645581524
ck_5de33a7a87e9aa62,0.11247972511864326
ck_7476e7fe1ff45545,0.1346769509125219
ck_b0a947b498e47018,0.031015870882406385
ck_e3894ed88a7977e4,0.02326587225434056
ck_c7e07ebfb0bc15f6,0.11813188298074255
ck_3a3daa8b376f2a18,0.02173812985235454
ck_87809324c2675b0a,0.07782141556003679
ck_7eb4f33260f1dcd4,0.11528799305277926
ck_ab9f0e08af030060,0.10255761649119385
ck_5b8fc4a76f340797,0.08964579711288284
ck_0e7bf10ef49aa818,0.13506208931613653
ck_a44462a3853ac67e,0.9718896084706096
ck_2d14bcd2e0fc043d,0.031098275628811525
ck_df1f2dba802296be,0.9165558864872243
ck_466a7316eaf149b1,0.12452131495633231
ck_50df50af592b0c06,0.08026325625912074
ck_5f9e34c849704b95,0.01720044503038923
ck_7836bf6def26aa87,0.059499949458094864
ck_ba175b1bd8efaabf,0.03308950363288875
ck_1a0aac7f7b94b1be,0.4602420165426561
ck_6768c4b2aa8ce586,0.1313436214954287
ck_eefcf0ed15897898,0.17193777399580681
ck_7a6cb27e390b6ceb,0.04803820795421881
ck_5275be4e1577c1c7,0.021103858973044134
ck_6bc0e5b8c0b7d2bd,0.04808773224486392
ck_4874bdec79f9106c,0.13562444521968584
ck_a678731156ad7bd2,0.6485674441220238
ck_db906debc36a5d1e,0.15720859262413284
ck_e87897767c612942,0.036100646406084826
ck_45ed5ee496ef8a67,0.03625457463872942
ck_ae20e28f9854f3ee,0.10852768219536992
ck_9ee044b73943a90b,0.04869529467229452
ck_dab34cf6f0626c9b,0.13378949554547387
ck_64a02b7b96149810,0.03603558200575116
ck_c417d06f3e94685d,0.04549851724495296
ck_3e0149cdee4cb294,0.16995189314732334
ck_0e6046fc30f81705,0.13603698678440698
ck_c383aeabd53e9c89,0.14839962864620518
ck_2ef76f1f36e8b869,0.6512181510074063
ck_43948784650bb9ac,0.055344204666561723
ck_bdb966f43ac350ee,0.17571186269898034
ck_5bea0e0ee0b094cd,0.01781315063460137
ck_dff090f03ca5529e,0.016225436443801856
ck_a4691b57f837d88e,0.08242471489012343
ck_99ee90946395d74d,0.6111378848524671
ck_cc81dbc83a8879fd,0.08732470140639148
ck_f3dc0725621b3a35,0.022679106493851846
ck_1bb212d1288b9689,0.0825471967214359
ck_9e7278fc7679f002,0.16263250228952555
ck_3ded7a8720d7e311,0.03153050783759118
ck_798157bcdb9453e1,0.029820080483111886
ck_9fba80f56f357fe1,0.02988390942840612
ck_f1e1c8491f16f912,0.018959974107076293
ck_7b1319a5ca2f63c6,0.9671455569437125
ck_124432fd5c92af7e,0.950155871250836
ck_148cb0c723284dc0,0.05183111703989961
ck_b56c62c950eda009,0.014772829954962322
ck_a0498755cd8d7188,0.011375903558296646
ck_5379452a9d74efae,0.01832313588339412
ck_6c2453229d608183,0.21529557545891737
ck_f9d8b4813a88c1e6,0.053637440537528884
ck_c2c7d1e45a521857,0.059412882195591384
ck_4364a83a11743888,0.04532164378095032
ck_2cdf5fd97ba75e06,0.3696875912876399
ck_71bc01291e0533a0,0.0385879767624189
ck_a725d7aed2a0bdc2,0.012651562802178613
ck_a9b0c4dbd7db6a91,0.1525412204255487
ck_a4258806a533efa9,0.06117916430781134
ck_905e460591d9a278,0.26170111415659136
ck_20de8abfd8960ee3,0.08276541986170326
ck_252b0a0f1119b220,0.01870632335876198
ck_95e4bef65c36af1a,0.018889606439464836
ck_5ab68b434ad53fea,0.025511487951213337
ck_13677a1957078827,0.024288887219628533
ck_d251e9fa09e542dd,0.9811867384475569
ck_700cb620f300dd47,0.04057828637859102
ck_39a68c55a1bd3ace,0.39009990907324
ck_61a59a7944d6c53e,0.5821973805379883
ck_db6d1c6d31da967a,0.0385389655058919
ck_650020c500b1b50d,0.034381941750740046
ck_d812eb6930192793,0.01358836675984662
ck_92f6ebc11ebca89b,0.3428975986624194
ck_d87e26eb5bc84b01,0.010434372125293148
ck_66439e697695224c,0.01406170187541872
ck_f21efd504faa654c,0.0320035548857824
ck_15eed0f5652f0352,0.08663625554717963
ck_bcdbf57d98dc0d27,0.15355461921138688
ck_873ceb8004d3a9f7,0.15697556422676412
ck_70bef9ddd4bab005,0.027179017119478392
ck_7560f1891d66f294,0.030118130092898102
ck_f439f16f8693883f,0.08539277479277997
ck_14f9535e53f9c7a6,0.20209135290046798
ck_5984be472d2bc267,0.7630296708969225
ck_ed01be7504dc4187,0.1713187045315503
ck_dc3d8b5c17b67ae9,0.021422180042694045
ck_9dc23031b6b494af,0.11302207487915161
ck_fbdac0221bc03f66,0.17242171698489472
ck_863708a99b92ef0d,0.1057181120828061
ck_22b52654776a1ea8,0.7296645152055204
ck_a0714f98001efa0c,0.1445867801041753
ck_9c56114f84e9a541,0.1076475211641248
ck_e155cf506b2fb699,0.07105858723760146
ck_65ed7e72f24731e7,0.03913153277236193
ck_822d6e8e43befc72,0.5987199181204225
ck_b1182471d9ac6b26,0.012822471734418485
ck_821446adc95e6da5,0.023430809255132367
ck_ff182f033134dbb8,0.23002309661474749
ck_9c5feef7647b0588,0.060703469710963194
ck_df935d8bdd44883e,0.07781208267937477
ck_01eb24c18ad11fca,0.1471683153244045
ck_00d6730134a1eb51,0.04529004065099785
ck_79ba8e85678d0224,0.13115878165580905
ck_97e3b04a1350f6e4,0.29067395217666075
ck_74e9747954a46eaa,0.02724751975949519
ck_397d5fcc9972f909,0.10420696615548508
ck_9ede89e8a43c3f53,0.24314254772227054
ck_303b33910d67f306,0.014557022162625706
ck_3c17841636f6f7dc,0.05051687854154428
ck_78730527f8ba1438,0.6680155275605965
ck_5ee32bc6bb5d1d4c,0.38017035886497214
ck_a13fee8cd925d0dc,0.05162096496340271
ck_6f847263379f2e43,0.25973962896801167
ck_9b9d9e579e7b55b2,0.45385970178702595
ck_87c1d0a79e79c84b,0.06595629975054156
ck_bfc453eabb472f91,0.080969485664793
ck_978c21bb5fe3171e,0.10265323772824073
ck_dd882323474431d4,0.14076347353418225
ck_533c4f7400d5ab22,0.6259438886083618
ck_5f217bfe28954e75,0.9606644407867174
ck_ae96d35465b3b4bd,0.04643700078618629
ck_512ebe97c0af94dd,0.33887317550654233
ck_f558fe02bb0219b8,0.07115556926093652
ck_84092e23d5ef4d51,0.49703601690568244
ck_17d3022ca12eacd7,0.041177224312357624
ck_8a8f81bf3558fd9c,0.030519395707502447
ck_0ada6fed1864e7c4,0.2160574028522472
ck_21fe7bc59dcd78fb,0.03814368431681029
ck_e136e20c1c74fe38,0.02896019180912458
ck_e7a530e09d113dd7,0.11700882825836899
ck_7cb0c9ded4d63027,0.17879050241817449
ck_102db9615e722c9e,0.374268187936499
ck_129e39ddfde92eeb,0.022016440144222545
ck_d730ff21bfd7769d,0.0977508319424001
ck_54459b45d2be8459,0.03472041313054553
ck_7f1c20319eb60aa6,0.9787563934199454
ck_939fede90473e412,0.039249485168808766
ck_e0f9506a6d5f4a1a,0.01674012611324223
ck_9a4967cdf49265cd,0.7830619737696559
ck_b9eaf03453ac7d5f,0.03238618368502669
ck_522477be6376b450,0.13123131474654956
ck_9b6282e3bad50710,0.07296465114221735
ck_a0e3a2facd508e49,0.3268924342462171
ck_97ffae702f7c3d08,0.024701668415728673
ck_344a95cb7115ec67,0.06494897410007436
ck_1f2760764afa45e8,0.014371290095927398
ck_720cd658d11ea428,0.041044608150283594
ck_04e32ee9834c088d,0.7667437542267734
ck_2bb1389e5e72c8f4,0.22126510940353747
ck_961e7dbc217cfbbc,0.04048653659553532
ck_f3bce4eccfa6d6bb,0.04254223110453609
ck_e0ccfa0d689339be,0.05254152607895627
ck_98217aeafa0bfefd,0.11603847799156833
ck_a02aeec1914c158a,0.08571542602402238
ck_20a17e8f206a14c8,0.06255104121110251
ck_114c32aad4b6183f,0.09569451111171144
ck_79f5198f0decef20,0.03654529148515445
ck_2209de229b4c71c5,0.06423290122056322
ck_6ee939b7f396975f,0.05894891071035268
ck_202f0c14b07ace01,0.1584438521052231
ck_fa24db9d416ab904,0.05897879802896449
ck_cf6aa24b92c4d33c,0.8490771010036147
ck_45f57fb8194cefc8,0.046058099182235246
ck_d5eb179dc45394c6,0.12347952637149284
ck_efb24be983342f75,0.12841346823193647
ck_245f5d62ead5ef28,0.03207355606435198
ck_15fe2a47fa7e92ea,0.015088038168488957
ck_b6527a85fd682554,0.15316497542709515
ck_11f9390a11ce9ff5,0.05752142135756206
ck_ffb4d892c5158201,0.013336592984353548
ck_d4c1da5a1427fd6a,0.15157252442931324
ck_2c041b1efb1c5063,0.02727439828631685
ck_ecc18f40b33be769,0.2588373907181694
ck_0525349f3945375b,0.1758285181148457
ck_0bfe62e0c7eab9c9,0.1618644990343515
ck_b7c37d410b1646c2,0.11345819508278998
ck_4b15b0746318cf42,0.303302520255042
ck_e5ee006ecd8ff661,0.13164212723159155
ck_ccc83cf66365357b,0.20031113602580297
ck_34a33ffe8339f66d,0.9337011172401658
ck_4e39e3b165edab58,0.9127526286411415
ck_1a71f8081ae00190,0.9536269186720477
ck_ed8f1200fc049c40,0.958031626707971
ck_8a5a57858e8c77f3,0.10806084800628805
ck_fff9fdc2adf5100b,0.943732628195243
ck_c76f1bf40f3b787b,0.015121445932560937
ck_1a6ddfeef82b1b1a,0.044109411261291545
ck_478d2667aa9896d9,0.0196430746889113
ck_641c8e7694b21f3b,0.08906807841271767
ck_293581d879f6663b,0.8673298374820998
ck_1bfa8abdb22be8f0,0.03692919191621009
ck_05ab5b03d0bf9ce4,0.7278960943968782
ck_35694db37f0cde7a,0.01410134090030199
ck_fe33eb743d714c03,0.06513844806256117
ck_abd10fbcbaf2b038,0.02479889764251644
ck_46d51648c1bf80e5,0.5484197411641675
ck_5c8390017fabfaef,0.11176965486503809
ck_87d55ca333f22072,0.011314035124480168
ck_c39c6a1453e2b92c,0.01035213553221607
ck_69ff1b0aa143a168,0.016245446012577137
ck_e57c79eaab35ded7,0.0221426830045358
ck_463ae759e2b6ad1d,0.051653269505634036
ck_0dae4a7eb587f3ba,0.09228066132318688
ck_9b12fb56529ebc4e,0.064227195348741
ck_1af547077ba2dd03,0.8058961589949633
ck_de13de941bebc7cf,0.01671493184908288
ck_83dde7da2bf647ac,0.014949376395619727
ck_c80a94d4660041fe,0.09739723114706234
ck_f39cfeb277ef6528,0.014529605352291527
ck_1cec1ed1512a2d3d,0.015321839218400175
ck_7955a359b6448799,0.024316345810358544
ck_8c0955dad13c3ca1,0.0475999400850734
ck_6d4cd2de601a2308,0.08739850255586025
ck_f4536ba8dd2d551d,0.08906320517371284
ck_b379c198d6db2d62,0.12183540385828744
ck_76ea90ebc74bcdc7,0.06970417572078079
ck_734f06bd4aa92781,0.16914596415837818
ck_677e1d0c14cbf569,0.027715353368902126
ck_259271c70f3fbcbe,0.06844778026311464
ck_c0b744eb9e7d4eb7,0.06943040895827612
ck_3d41faeb96802f68,0.03451995605448003
ck_8f604fa70fc3c8e3,0.027560769787299294
ck_0b3c3bea0e0ed339,0.09473534320300635
ck_be5df076b8a86409,0.015143164079171382
ck_6a475fe324d7d790,0.10490497655149805
ck_3ba3fa5387bacee8,0.012422704417524579
ck_324b9939d9c1c31e,0.031186227846405724
ck_a7fcf7b592f68ca1,0.12609583243282757
ck_5b2728f7cca414ae,0.017112300944181317
ck_5f4a25ffd0b85a47,0.046012348614300064
ck_63d4f5076fe4406e,0.02752615464220282
ck_af528d66c86f0cb8,0.051414612640129795
ck_ac7cdb9b8da7b5dd,0.15493948528963716
ck_3bece63711407e25,0.06875552928800664
ck_d4e0b2a12fcfc35e,0.027218747841657797
ck_ee3e7c9d3a9c74b4,0.16314669164298082
ck_50d7c4dab837bf66,0.11630382737833422
ck_ebcb93a2990fc914,0.2847122867388568
ck_2329cc9702cdf7a0,0.19570190748055147
ck_db1fa53d588bf99e,0.06162541730858271
ck_44e57a0bad5a0745,0.11604729605579314
ck_472c81a144f4631b,0.02218107336313195
ck_1658429acd5306ba,0.04222355091205949
ck_466103ec5bd9444b,0.04348620224966544
ck_9757163e25262b74,0.09076776394805167
ck_34ed59bc2c9b0186,0.042268919917693444
ck_b7bd3a7f263f4f29,0.12132429533624636
ck_149662b09d632e41,0.035018667635936175
ck_a9ffd6b3957bd41e,0.0259250523924677
ck_ab80466ef615e85c,0.016519564465479454
ck_f2c824d3473db24c,0.037810833832366365
ck_a4a01fd45936b078,0.08042148712321034
ck_8f6ce158c2902877,0.011986648671024168
ck_5189a302cfa7cefd,0.015022719879522224
ck_430a3d03be588201,0.2074287967804274
ck_b5f9dd00914b4db4,0.03462765132111612
ck_52dec82e9cf6135a,0.028188071087001106
ck_95e444a01e2ab4a5,0.0588949835549025
ck_e37cee7b123692af,0.059114611809415914
ck_d68d42858a55adff,0.10680756263525872
ck_3abfc010091d679d,0.1122208666647477
ck_cee4e4e1b62bf82f,0.10606239418449981
ck_9ccb17c35e636c5e,0.030065131408858258
ck_f72a5a3b0d6c1177,0.013356018955741917
ck_7508aa554fae6afb,0.3744846844422082
ck_003aa842b7ca1d77,0.8604939897903426
ck_83b2b192f41ee2bc,0.2604283764694756
ck_64796b6b2c3c7f06,0.039759167348802
ck_6438ae81d43cb196,0.037778848978258
ck_2bd73d9098504760,0.20096275970871522
ck_aa8b9b36a099e4c8,0.1320241594817423
ck_e5ece47d0dd10526,0.0807186198944163
ck_16077ac345472e6a,0.04653643433973488
ck_a4d6e152b0076964,0.02550461694699833
ck_d90b1d03ae151f62,0.10710147703221143
ck_18b36d342b530af4,0.09494307942908427
ck_2a01e610348b84f8,0.12731588731722165
ck_0a93ed76bf36c8b6,0.030909822399512975
ck_3d56b477fe2370b6,0.06808650535589879
ck_17ab3068fa303682,0.014752271129251267
ck_592a3520d841d11b,0.13251046583154777
ck_84d07028b5fca2f6,0.03085584898772151
ck_f4a2bb10afa85743,0.032043793867733074
ck_4fe4b072f03f2c1e,0.014282097095717948
ck_9ad08fcc183ea1e7,0.01863896874050234
ck_130d3848b9dcdb05,0.033562596281702946
ck_bb399ed6bf28c230,0.12132803421408665
ck_a31a64a39a2c4941,0.04755878828530225
ck_c49f25dfb39909cf,0.4086534283776018
ck_55f50a9ae2db8ff7,0.04248110052594942
ck_09faa4e771cf876b,0.021438921023138234
ck_df520a7a6e405889,0.06426993970615018
ck_8c8c98cc694ac900,0.0848469142229306
ck_7f0c4f609673ef62,0.10641006899838883
ck_f51fe59cd445d2cb,0.05752619919163869
ck_b3fb83f0d772a831,0.048021971038160347
ck_d6e7e257751c299b,0.017868394706614218
ck_0d362ddb4a1cb6d4,0.07631783015663234
ck_a574a08edaf81781,0.03300416620819682
ck_a823f5bcb0e4b9df,0.022927081975010217
ck_f792586ad0381eac,0.1734956761451618
ck_54bfd70022c66983,0.06110489225578063
ck_fe0a9372c9372de9,0.03574179388086243
ck_5691cd6fdb6d8147,0.039188340760749694
ck_a95f212a02433d23,0.033934299932631584
ck_f5adad75e1c06731,0.23637424999225526
ck_e09c97520eb0533c,0.029245501231527596
ck_a1e13c0d58560340,0.021973298371150442
ck_cacc2ca410cbe80b,0.04514060905366037
ck_c0dde2a6ef1e08c5,0.016099146346672533
ck_a04403073c90ce38,0.01216839437307248
ck_03d3026107175dae,0.0757616333964727
ck_50176dae5b1b716d,0.02431990720072819
ck_6c084bfcb38e96c3,0.24467121147360846
ck_36d2be9012f7909e,0.07912523417663364
ck_958acf84c6137a22,0.07237827311358468
ck_114722e12db90a73,0.017580900772739425
ck_203c2a22c0c165ac,0.06776128088161906
ck_2c44ca550e5cfa82,0.14979439821701981
ck_df0a8f20ab8f14f4,0.07519345057541735
ck_826a27ff7555192e,0.030257740486387297
ck_09a988ebcf062297,0.1168222233588567
ck_5c82444b3b9160ae,0.09994274662208907
ck_f6a4a7ed27fe76fc,0.24316550744256132
ck_17de46314b5c6a92,0.0601945850310916
ck_335e63101b1e6c4c,0.2990002687660814
ck_c5eefc0697451de9,0.2994197367432728
ck_49a0efb5d4067b6f,0.5790759526265585
ck_c1f4509c8f5dac5c,0.05642783763542761
ck_57658eda1c59bc52,0.025083001298906657
ck_0d5c0736ec76385a,0.01150208613409716
ck_e0239e6ae30795a7,0.08619334728283194
ck_e4459115cd8e5e4f,0.05816898911981079
ck_bb4aec09d4968dda,0.39133427440704005
ck_a1b4c96faed3e0db,0.14493136350173988
ck_8247b79ac67aae7d,0.04505114086437085
ck_fe2fc7d6e5d83f09,0.05335380233050305
ck_f6aea576cde8d592,0.017885666165095276
ck_b7e7f7d0cd886412,0.3236205883600937
ck_ca7b993e8286af7f,0.02017815014211551
ck_47de038381a9cd65,0.06115411500749812
ck_d38f941d09eec820,0.05582558997606753
ck_d9ba2a6c0d926b4d,0.02268894060444151
ck_cda72f597330d0f3,0.02235848593188282
ck_16d2d27fadeeacf7,0.04029501043661387
ck_be05447853d423a9,0.0157044870051966
ck_cd92852d7376a4a8,0.023632004782383968
ck_2faf7ecccc9fec58,0.01876050626411881
ck_db8733fd92f20cd7,0.21042904423002992
ck_a9989a3a94c26634,0.04766323180234533
ck_957fb25437c75e41,0.3641086637603672
ck_e6a6caf6e7de17c2,0.03617105769476834
ck_f7bc569b37e8bdda,0.09715725239479073
ck_703b375dd86a6124,0.06834518405599738
ck_d3cfb3603f2c6ca3,0.21748426293249232
ck_07cb2b6f2a4303e1,0.07355760400622367
ck_31631e2028d4f855,0.1433127619151258
ck_1631bab0ba1256db,0.07632538796479212
ck_5fdafeaec036f016,0.04708987743217868
ck_6eda4c36aecad602,0.01792235080704951
ck_bd1bf9e3e29de281,0.1915705093380963
ck_bf378ea558a4125f,0.8670331587618897
ck_7aa2deeda0e57412,0.9657400136838064
ck_d229cf7f5a3f38ca,0.059331131068414936
ck_9e109edd124492a5,0.015884328848291454
ck_779491819995625d,0.13842155864428343
ck_b89c6fa2ad0a12f5,0.1341826876021309
ck_1d01b4a609918c4e,0.9510113420061357
ck_714c5d7cb17bc9f2,0.06604050857680022
ck_269f1746f2609ed4,0.026603579150466898
ck_4be03a2aa62b93c7,0.020258139424374655
ck_cf920313f6dd28fa,0.07197446968221358
ck_fb00aae4e17740c5,0.10921913616722244
ck_085d8c42739e2b10,0.9868131432112672
ck_c72a7d0d03cf3e17,0.30692231133980796
ck_8f6ca5d3b17eac6e,0.01518074584265305
ck_d9573100bbff4014,0.7402626697303342
ck_79d6793d1d0cf43c,0.013636468219066418
ck_91fa5032f7aff0f1,0.2695150516739652
ck_87110d84872c0fed,0.05509165637450712
ck_8220da627e9992a5,0.03789808238950521
ck_2ae44938847f3852,0.08875486249939378
ck_b0f191e44f9b6f35,0.28205527895493737
ck_3049d744b527f4d0,0.05558246629349885
ck_47d3e8d1dd3fbcef,0.08485468957649511
ck_ddf787359d2b5deb,0.026761674446623085
ck_b27a9e39726b26d9,0.03468511202912765
ck_80c4e9274cf976b6,0.9768502551031334
ck_c6afa913168ce8fa,0.028279097016986627
ck_52427b3f8478db19,0.13248892882850655
ck_3b810f15ca0eaa55,0.03081154141048126
ck_0c9e420f97baaa06,0.8952270104542052
ck_f8540cf3a8b2f8c9,0.10827807652945415
ck_1402d24dd623df72,0.035478289831655005
ck_eb4f4267e24d042c,0.06030248698699748
ck_6f661b428d6fb8e4,0.08633052073760947
ck_519a26ecf3d29c90,0.030369512612146328
ck_e886ba71d4a6fd73,0.08232781404737956
ck_437f9ecd2016a1a8,0.03026521371208131
ck_f01af1b0c977cc06,0.06567851173906628
ck_614f777c2eb5d537,0.023903676023128137
ck_b804e784cde9af8b,0.09005686604815993
ck_c2dccbc1b24b137b,0.5822872879042659
ck_1df4a1781a0f6999,0.1985953756359812
ck_bd2cdd53fca26171,0.04866151551068815
ck_424c254249a109f0,0.10920192689543318
ck_cf2ca4f286e289ba,0.13838945402184447
ck_6c33cb15b0d8af54,0.032684305041156374
ck_311d395fa9b8550a,0.07326596849146949
ck_9f792e7e721ff7f1,0.032206198864892524
ck_4c37586080edb7fd,0.02090320617286801
ck_7c4f42c5397113b0,0.028044427111971252
ck_fc418f53ce4aa579,0.962222041865248
ck_1ba28fb7ef726ce2,0.07062283695328749
ck_d932f98bf6b83956,0.2849784771690995
ck_248b3659a9239240,0.057061653511564864
ck_6a92cf5f4cf5de38,0.06503446927885306
ck_65519d0fb137e0c5,0.03236178801491852
ck_ddc3fc99eaba2064,0.06534924763259209
ck_7310cda3bc65a73f,0.035962317525821276
ck_c01c85bd631d4054,0.029061662126028065
ck_b4954d16b9749829,0.1004350118875614
ck_f301f6758e170d66,0.0995118288344266
ck_9bf95f8c47e7c7b4,0.045004228579327746
ck_c91b7fccf6aeb4a5,0.07182519995230915
ck_785fa45e86bc5e95,0.038873407365834604
ck_2a65f1cc23f1180e,0.019339811529685034
ck_a49a2c1f881a3560,0.036283516398724826
ck_def344d68f06d749,0.06940676013719252
ck_abbd1465fc730d78,0.03940071315604699
ck_07a5610ed28162fb,0.048955372110716475
ck_7ecdee2d7127be8b,0.052546712221817074
ck_67858bc00e81490d,0.013131239590735798
ck_b4ad165ace910222,0.05351683895456619
ck_30753ffe481a1b8c,0.789096318053117
ck_c401a26725b17177,0.016109805410388808
ck_819988d8a7f26415,0.028342864549519346
ck_3364a1d9261b3638,0.06091560334743132
ck_c484c5bda389bf20,0.011724577737538013
ck_ae416325fef92c9d,0.9000872129500136
ck_5517b9a865960542,0.08054464664144904
ck_a0e96fed380440b2,0.045717755031285535
ck_e83409471d2b0b44,0.12813415816454304
ck_127273af97d7827d,0.028904311308447034
ck_aaa9861c91bd14dd,0.050642203311795406
ck_a378c58294001a36,0.9535171879955138
ck_abb9d65ff1f95b64,0.521109993815246
ck_a5ecbefa849ae569,0.07571653710938786
ck_aa9953c0ca2bed7b,0.020891103769948637
ck_40bc6de252865f32,0.03878221339971078
ck_9fb11688dcfe1513,0.06712780996155071
ck_ba68841ca2ba073d,0.17913755633328243
ck_1d3e561a7d20be0a,0.9731247422233902
ck_99a92d710a29c1d0,0.33903728875484024
ck_ede2e887697ffac0,0.026735369278157815
ck_e6de67c0d82a7b83,0.13536653750850555
ck_6b38763bf5ddbcef,0.09620018766772667
ck_8dd44eead7d765a5,0.042953405527237455
ck_30bf5b0056eea9e9,0.43969107379548117
ck_2981d16f8a51a8ed,0.37516920943845816
ck_fc60f42c68c7024f,0.15925114483213737
ck_8e2b2251ee224aa4,0.08997137043031919
ck_1906f0dfaf6e9bad,0.89645432771374
ck_dcbe6814fc4ca0b4,0.1543169689538167
ck_f7e958a286ae3b57,0.03716277486045047
ck_713649668a7ca824,0.21603074837601563
ck_6f73cdbf9305e2ea,0.09136291828332083
ck_dd1c490050cd9051,0.06678187397128267
ck_e30db36e376606f7,0.3185750288884531
ck_740d8fe8028b5a2e,0.031332182792986205
ck_ebbc9418cd41f692,0.013796011506122365
ck_7b3cc6cc3f250f39,0.08492772236527786
ck_1d30eef7110809e5,0.7609261902052952
ck_77e0589ab339ca66,0.022577694866521652
ck_15ccbf8ff7d14086,0.04479220814093626
ck_246989b0c288664f,0.07745435563546492
ck_fc2a6e27b10b10e9,0.027654338114921222
ck_8afc1112c12f5402,0.06272845484144594
ck_a76e8d83b9141364,0.2256652357845142
ck_51d3e8dd7465c015,0.043395760934120654
ck_e7b4016909405981,0.015352544168697671
ck_e7a3cfb9bf908e80,0.07569664280010853
ck_2bb49dc2388cdc1e,0.025619462440837234
ck_94f4266ee7871345,0.08262375740955978
ck_b2c896beec146477,0.036106829177210115
ck_fcf5d4a4748cdd53,0.046051418410941306
ck_fd0483639811f62e,0.45536778454910376
ck_9a21d183524734aa,0.3279561936142559
ck_1df4b46c0a4c317d,0.08346803112796479
ck_638df9e8a22dfe0b,0.05814143768333696
ck_65acc43a6dc3e65d,0.03431009161145365
ck_7c67b73196e3d0d9,0.03880252185817472
ck_b0ee3a98175b462d,0.04937115161853107
ck_20fad010969f1abf,0.01136100317255702
ck_54b087bd873af8b8,0.06917396169669386
ck_8007824431fa803b,0.022633065632522417
ck_23aab322810b9fec,0.055274180642911355
ck_c8001bdb9aafc8a6,0.037217588463732056
ck_3a34c3ac83cf84b3,0.04293324706883991
ck_60187ac2c473a662,0.9707239665644298
ck_6a0ccd7357979f0f,0.2885497589023481
ck_27f20337bef5ffe0,0.15750009654640246
ck_f9fc468915afe49c,0.1879923714178419
ck_1eabc15a94bd9009,0.049704609145526504
ck_26896c494b2768ef,0.08858172652244843
ck_348c874eaf0354f4,0.714708363529457
ck_be9c46acd216b45d,0.10957195610289959
ck_a3cce46d15cc20a2,0.2396206821173844
ck_70804f60d9704128,0.3706882543125035
ck_a019151ca8e7527a,0.0932870993457398
ck_571133b2aa8ead51,0.14758366501921574
ck_0afa4449f20d5196,0.07303920632380324
ck_4d503c41cf4e5034,0.13391197375138653
ck_d6fb9cc5171e3e9b,0.9095128371006524
ck_05ed92a7c3e10e5d,0.04304969328293548
ck_bfb067986660afe3,0.09994211928273138
ck_c1a31690c8573226,0.08991998748547647
ck_cb88ef3dc1f42225,0.012265162349936506
ck_21e3b3bd998745e5,0.21196289261613924
ck_cf52e46fa54e4540,0.016134251041052074
ck_b72c7ac4208052ab,0.06690079986368205
ck_e6465c56b337e6c2,0.06403603755781695
ck_5f87eb05d18186c0,0.11067907314127944
ck_263f6c5ff26b5e98,0.03923218134697902
ck_e0b7e2c0bbe228d9,0.03146779213205239
ck_b657ae3c146cb7bd,0.02368978724144016
ck_abac514d8167ea58,0.07279643769915724
ck_024dcab126876002,0.09242617608178305
ck_5d8481e2b38bd99d,0.08615074922086047
ck_edf229c17d25dac1,0.3666730159323584
ck_6cb7c97b72d6b5d3,0.04987111238388647
ck_c96ae2c28086a059,0.4894082839154141
ck_2f241b97c0f8389e,0.07697459308812002
ck_9158bdbb63ee8987,0.07385218652606383
ck_e7b40b60786c1530,0.1387585771782891
ck_66d38518f68e6194,0.009698412612557642
ck_8c9b57ad2a991416,0.020062343437572527
ck_cc91bd7152d3e9ba,0.10945331641389118
ck_0d846660c7957a88,0.04038543160330208
ck_60896cdac2212bea,0.27001445215523184
ck_dc4db8b932df49de,0.3704663431832746
ck_2dc31db181150e20,0.03444372857637883
ck_2f138fce1171e277,0.11763182874563931
ck_68b8b859a6ef505b,0.1384533683920707
ck_c3fe0c6c5e1f40f6,0.03293366310409979
ck_15886fe84866de92,0.051185767352925036
ck_ea269b35406473e8,0.02295021310582677
ck_3ce7cad1f69b71d6,0.05183578403154737
ck_054ed4288ee58d6e,0.24958356007412857
ck_3d4913a86f207fee,0.13163409981164254
ck_23ff85f9d2355e8d,0.07894345714410121
ck_d87ab3261322216a,0.014204212047657223
ck_fac046ce336fe39d,0.04016450205428913
ck_beb97e498e6cf8e8,0.08630119277732554
ck_1f517e0ebf397b51,0.034797092917815
ck_0af57ebaa45877a1,0.032595461305112976
ck_f99bc1732ce5e999,0.09164024580328624
ck_abb056a9deab275a,0.07624365694501958
ck_0bfc394c5faa65cb,0.18368616304437274
ck_ddc865af1dd5670e,0.07394025767521994
ck_68b5542459638b56,0.19340361452447022
ck_0b1d84252c0b46c2,0.028720315004835885
ck_520ec32c4f253604,0.10211499984324968
ck_79ffcfee599d77c7,0.07670273018999448
ck_eb224c0fd146253f,0.19413223449798844
ck_0e477084434da450,0.09556458601269155
ck_07840bba5570785b,0.05534387122620247
ck_6b67fe8e310ab865,0.09131058843617823
ck_e2a1068c2fa22525,0.1027957021795729
ck_b9c6b32f6bd92a3c,0.023018928854908634
ck_c1e7d1021ae58f00,0.013398531583562964
ck_5d7801201749ffde,0.10849044847317572
ck_c8806749e263f70b,0.017274717806179986
ck_c9eeab826781dc91,0.1200267728249941
ck_309a432c160a17b3,0.05695156444096402
ck_b22e3337b8e3dbb2,0.06467509841865333
ck_79c30169c71b8033,0.9690549888310593
ck_5a6593d954085775,0.019545791138420227
ck_70b9b79ea1aacba8,0.08697030719950173
ck_63743141ffa11f45,0.09012887428544057
ck_dfd3dbd0d97a642b,0.0486676599380115
ck_635646a661f05b4a,0.18120946075068176
ck_4b123d6931b6d0d7,0.8629769859501357
ck_f2b0e7a47f442557,0.9074950592879495
ck_1b1df006b81d38ba,0.026219843838507076
ck_360237c1bd30f4bd,0.056111115729238444
ck_5e84bca0e362da20,0.10805201353007692
ck_142dba210ed2f3b5,0.23380793736527747
ck_a3564236069e3524,0.298812723853217
ck_cf36d8b070ded782,0.0898429108608896
ck_ddd6625c5eddad70,0.01459082881900161
ck_ad54292a0b2f44ef,0.16362834533465398
ck_45cd5ef6b359e9b4,0.054200469846146626
ck_982c2392238b7be3,0.6222914509251142
ck_083e4ac78685c3bb,0.1484434864154013
ck_729cc0b46cc2e546,0.7216370077274936
ck_f2b8995fe5402759,0.03969931858970541
ck_73e24f5a8da289b3,0.28295109463727824
ck_bd85f30c36f5998d,0.21478575013611134
ck_ee4ff3aeadf912c1,0.0197322128962781
ck_63d2978706e193d2,0.15967481039908368
ck_6a0684436a1e66c3,0.7695697146010855
ck_182dc4a2f5a366da,0.019852835367374772
ck_e6fecb82fc2a82de,0.10188938513025442
ck_cfb06f07394dfe64,0.02003873833604432
ck_7bbe1dc8add17ef0,0.1343793767831883
ck_5cacad76e02c8e3d,0.7985470624877121
ck_ca68dec0c7df5a12,0.023641097077312472
ck_e4c0fc52c82065d3,0.030340274099469947
ck_f9197b070416f443,0.03960787956797921
ck_2a07c7021b71cf65,0.2522807448557514
ck_4fa85cebf707de2c,0.021727998224258204
ck_0063d2a9507467e5,0.04574732758279153
ck_ec986285fff05b7d,0.023564858107205523
ck_279d43303708109b,0.05852035920672756
ck_a406bf11e48cf8c5,0.41294085302484623
ck_064b2aa3f0bfdb6e,0.04256046794364271
ck_95790440bc4bd2d0,0.2214934845452927
ck_70066eea13b4c34f,0.03285475202264659
ck_19468fe07e26f992,0.8957138179072045
ck_86bfe328e0a533b9,0.898263891479701
ck_ace3b96c977a7560,0.7290114141638632
ck_642344e5c652d8df,0.07886965927409943
ck_074be35c951ae10a,0.06378126693417815
ck_f14dce41036486a3,0.9782437603522752
ck_5cf67a3a747e684d,0.8143590274528986
ck_f7285b92648c1c81,0.028017789576207076
ck_bef3193f124fca5c,0.4069301071809266
ck_05c4dcbb45de1f8d,0.024509478528194933
ck_d7c28eaa05bb7144,0.07185293964099893
ck_320df984791a1b99,0.029552531443015572
ck_f45bad1606fa00a7,0.03633576668147342
ck_6f81c199e986d9fc,0.05563901311346597
ck_d0c9633fed57c344,0.0453601932221034
ck_a3c25d6cc7478068,0.09553779260196621
ck_4185506d12cf9fa0,0.020101620973152087
ck_7a02ee1bfba7353b,0.13530336313072736
ck_1b52590757c0fbeb,0.037860052940457196
ck_a0e5656e1cf9cbf5,0.06580784829184572
ck_ace21f6daef94f6e,0.032936688842132154
ck_646d8d0834782d6a,0.6114624839034238
ck_1f136a4476b5e775,0.057157648455994664
ck_325c7643cce02da3,0.23627527474806387
ck_9b5e7fe28208f5d1,0.040070647624671725
ck_05d81b1a150f31c5,0.03924021249153419
ck_0e9ec486bff403c5,0.04638593378080789
ck_ee13c091bc379188,0.10268363851897577
ck_f7a7f8f5903617c5,0.06504833672703172
ck_96c3a3517153390e,0.07908045971347116
ck_538dad7f096458ad,0.08909455584194666
ck_8758fc6622bbb7df,0.10531540833367609
ck_f7e53af3c91fec64,0.11013857151952748
ck_80b50fad7f255e1d,0.08953965619872363
ck_9645e7adc08631b5,0.15384095902734793
ck_e007aedbf37d6ec7,0.03762661439347376
ck_2951d76c41de2569,0.22301541559370938
ck_9439bff87e616d4a,0.015606567803378926
ck_a73045e96af0e4fe,0.050078417412546095
ck_7b382e533e2e925a,0.10774463529070076
ck_730226c2d216cacc,0.0268014591487289
ck_bdf837d761a7cec2,0.37797941472650187
ck_0b34197335ba3341,0.12503677320679693
ck_49170c4b31a20f5c,0.01915119030466167
ck_cd553ba6589d8bfd,0.09346515010377525
ck_56b992c6f136fa5e,0.18396764062285437
ck_8beae3d7328fa41a,0.28662397759626573
ck_1a065ea906ae3d6a,0.02376143202135192
ck_e9e3381d5e0e5051,0.03966147145076163
ck_a6d4f998dadc90c2,0.9151705279416155
ck_d36733da917115a6,0.21028443252078421
ck_e738e920bbd74a7d,0.06932737437547483
ck_af65eb885a51048d,0.01191710120799358
ck_73f4eb09af29b1c0,0.11929784119046552
ck_8fc641b1750a2542,0.23633235288120136
ck_41b954c7a948c060,0.020264505445915564
ck_25fc3010e8a0f6d7,0.043643327502846364
ck_a2624e0387974e0e,0.4138852700064695
ck_5cb9d7b2329d5ab6,0.09850826155328536
ck_6c83aa1d100a7cd8,0.26051004173226433
ck_67025c64588abd1e,0.013068225181684557
ck_f5dde68f6f0468e1,0.01938441851666307
ck_46bfb2cfc29a6d2e,0.030405973578465494
ck_49dddb894d33f6db,0.11859236271215959
ck_f738b633b8862d18,0.01296726281917359
ck_3d6c3c00d854f5a4,0.3034523720190626
ck_cdb8061d8d1a6c5f,0.026118101719679866
ck_5e1b81848718bdc3,0.1542527864726604
ck_8def763034187436,0.03453281862875962
ck_8f8e4fb9c6190272,0.03582247197698082
ck_368b968b5f33431e,0.013190091461358657
ck_ba7e347251ea399b,0.06338574595091592
ck_9075432001a64e75,0.11664101927301697
ck_73c5371635aca173,0.9357338098210167
ck_81793387b38047cc,0.016734046683921085
ck_0cf220816e320ac5,0.031076896453914878
ck_820219bb9c761b52,0.8271290559369496
ck_70a932ab39d86a24,0.01826461882827375
ck_2c4be237a7ed79c7,0.017379999274826287
ck_acc764b49ef02826,0.6161318701441478
ck_74c3c3452e4e7cce,0.01995160459514027
ck_34dfb57e5bf31d2f,0.05242447497535789
ck_6ec39903f765956d,0.1869971628952017
ck_5986119e7d81e831,0.16063462619491067
ck_2ddfc948b8eac752,0.5919366495511706
ck_921ff5ceaf40a968,0.15365358074404867
ck_fb3b68b4424b5f92,0.5269195238890209
ck_c3db1b3ad4f16679,0.11461637690725326
ck_124a197be41687f5,0.11283632031824241
ck_c58d9151834f5bad,0.04163406242314402
ck_389607982eb6b701,0.7619318752978925
ck_fb0c138c003e933a,0.010358593134329718
ck_50d0bb7edd8c69c0,0.21456009032487167
ck_c6cb651149dc9a8a,0.03414459414003521
ck_81e21354e477eceb,0.0711360522777948
ck_7696e38b3e4197b0,0.0613965751993986
ck_586001d3ed9e7fbc,0.01334288962629337
ck_bba413492dc46f2a,0.06913956662238985
ck_95b894380ad2702a,0.0623741338152141
ck_277621473369614f,0.9816839137206373
ck_a50621b5eeca84b4,0.014808033460223287
ck_bfa7ba218b988cde,0.09029762977924219
ck_5ea89567dfe78e4b,0.054509817840322244
ck_6c679602a6476ab2,0.02134770207070252
ck_d3885e286b3b11d2,0.1311320645584157
ck_cdcf6671b37c9c92,0.09150070543013918
ck_b5c93e6d34f8d366,0.03330206470092153
ck_c24f61925dc158d5,0.21973422329312328
ck_cd09375e6c81d2c4,0.13378443135094792
ck_a95afc7a00303a26,0.07975935120326921
ck_8e89ca8b39f3f8ad,0.018388058088970934
ck_9a84b396aada3fa8,0.3866257565891479
ck_5124a2e415384945,0.2641543257182932
ck_d66bb1f063357f99,0.02284675482105741
ck_0fd9312411b0ac55,0.14048533941677785
ck_ad8cbe6e27e47ede,0.12728789743837324
ck_8398adeaf41f9cae,0.07605577922619494
ck_dcf851e7bb5855d0,0.024964402420064726
ck_9affb0f26776b642,0.01757195771149333
ck_f0424b3b36bdbef0,0.240305062236116
ck_66746d1090d6d9e9,0.016391220694601045
ck_e5f8c8a5824db594,0.052570430846109954
ck_3e91dcc209431984,0.0667070408747486
ck_126a82e8d42e5ce6,0.03326455950968909
ck_38e4a74ab256e2eb,0.04693716981548171
ck_1225a97fc413a419,0.10077959872358798
ck_9b5ec0f78e160e65,0.022296179984473887
ck_7c5529bcc079600b,0.0880264461867338
ck_29640fc2fe81c251,0.035114710974676076
ck_160e9ba0a3f7c1fd,0.033760443300295984
ck_bff090cb4ab76b9f,0.04048181153515517
ck_aa06ed358e43db69,0.15710054432444864
ck_7264486eb512d84a,0.03466643422599139
ck_f5a32e6160b28379,0.02340320492054615
ck_4ba8bec14c2217e1,0.03546092119068752
ck_610815786d729d2f,0.037889219931518295
ck_e267999226b6321b,0.016876235380119394
ck_f3996a3c8eea1ea0,0.08464932908790218
ck_e9b75ed7567a3f23,0.09002756773076989
ck_d21612d48bb4f7b8,0.0393740507187465
ck_1f871df76c6a995b,0.1935939556706863
ck_953bd5de48ccd70f,0.9198111397410395
ck_02a9104419a6dbaf,0.025994631301763306
ck_1eeeee651e05d535,0.16059153091703826
ck_e2ab04136a442a98,0.026793751642911673
ck_f0d806624ef3d359,0.13651356097929584
ck_4b68b38c1b3326a3,0.06727546902153575
ck_74e60495f8861156,0.06277103752260631
ck_398f3f4cf05c721b,0.019221084754310648
ck_f761b7650a0c1a85,0.040733109345564913
ck_7dadef33f5e2d94f,0.9533096668235834
ck_6ff6883633b8c7ba,0.028210573460146177
ck_4d2159603045109e,0.10993409966957525
ck_a38bd07a5fac5c9a,0.022463976016953893
ck_f517f06551e69507,0.033447316203584036
ck_a7ea00a1760ad561,0.9786993505333933
ck_31fc51d5a3dfe16a,0.06320416102752441
ck_bac5233623b25ca4,0.0619546558160153
ck_385188ab27784fe3,0.1696380055261589
ck_9947a323bab5cacd,0.4788204498165928
ck_7973edc9f22ee7b6,0.09695503035724455
ck_f97c477986043755,0.014062786876420647
ck_1a3fd2cc4b4de196,0.021142023706485956
ck_e18ac29ea62cb435,0.19399484733014596
ck_9720a472a3e0140c,0.021414189242462647
ck_668c7fc7d7e47c0e,0.06512518980060239
ck_214af0806470ef48,0.06835529845486168
ck_a46c1773f01f0be7,0.5129647735320032
ck_f2bdcfb4203ffdee,0.24602755451969513
ck_40e84e6ffe788a4c,0.07625823344004468
ck_dfc6f5712d8d6678,0.44391156155009015
ck_01ef1036b2e66a4b,0.11892126300469603
ck_3acfec10eec32f9c,0.07754796046217945
ck_084a85145c15ed77,0.023529245804704987
ck_fcdb4fe2f095fba1,0.1321583675893028
ck_023908db0a193076,0.4596488369502887
ck_fec0ff92fd622253,0.09167114153964406
ck_c009c97d5fafbced,0.3165989915611296
ck_eb9f0c06ee017ee5,0.1298990966977014
ck_d7792b429620fc24,0.02114534708870509
ck_5e9e149a3b69c726,0.09431378569484834
ck_ce927322ef8f651c,0.04746650734463508
ck_b8fd61a8e82bce32,0.9611123326276655
ck_9aafc33fba1474cb,0.055370370407057445
ck_ce81ff9b8b35562f,0.024553782731105332
ck_25bfca1d8eaa152d,0.06491573626964851
ck_170c65860e2a7e23,0.023384196277967707
ck_952da7ca9f33decb,0.028587391560101105
ck_1ebd574406235957,0.0804916896869709
ck_589109a188adc2c1,0.02625322735706893
ck_f0cbd5383bb07778,0.11831494085414711
ck_242521e261148fba,0.06359911334855382
ck_509cece86a558de4,0.02093979515517065
ck_0dd7c5925d28755c,0.029940632573234448
ck_a7e669cf1c3985aa,0.06051266469031971
ck_acb84dc2351eeb76,0.017254612943864038
ck_b837c7dac2a9b931,0.05821538070392816
ck_18eb1f9181f95df4,0.05044884155020446
ck_b0b9047dddb1ec84,0.8870514381937323
ck_43aa136bdb0a2832,0.7687406550329985
ck_3e47f8c56c811700,0.02494684179567766
ck_77c587d24695ea15,0.15301059259780436
ck_20578ac693ea4e93,0.22046702297819357
ck_b9f6040eebd1605f,0.36086463893497916
ck_ca9d86f65cfdf018,0.035076098673859274
ck_a4fa8833995c716a,0.026829975889415873
ck_f589f1e29301b5fd,0.08231574267046049
ck_961ddb8ff55d868e,0.015606568128251288
ck_5662492a54e6688b,0.11480241995792327
ck_ad48826c1c26eb78,0.8419709077783488
ck_621c9ddde6bf2eca,0.1626597790865904
ck_417a3500b2c717b3,0.1257066251951152
ck_c7e129058beb3ac1,0.12371309989262232
ck_ec1c902b9b9b9c5f,0.4772811170415712
ck_317360ec0a67d27e,0.19349424037337362
ck_3e3ea5d8c4a229dc,0.15288840300822087
ck_d11d27de7bf0b973,0.5390904928603187
ck_d37d56e931105db0,0.030257015186091325
ck_4863077723cd6ce1,0.016072341489139563
ck_479a065d5903e9c3,0.014512923029764754
ck_e66ae4fd586fedea,0.08323111237199007
ck_192bbfd0d5720134,0.10218881244819339
ck_3b436cb29af99f3d,0.08845909482580083
ck_7c7ca54969eed187,0.21701795850676428
ck_826ee896c9f1144d,0.44911540071102074
ck_ba1f6dd43fc8a0b1,0.030198889872039083
ck_49685deb63e4e8f8,0.05358249075572132
ck_687ab5d5554bfa79,0.11591786573958295
ck_41346ccd9242cc8f,0.05810288301794935
ck_8f8e5e2b9dfec3d1,0.1353439509101012
ck_94d5ce61a0c50465,0.03378203898028419
ck_6b954c75aad8c012,0.14966459884180872
ck_748af92828c9d288,0.017374042239545785
ck_dddd14091ce812c2,0.12159391014232598
ck_723323f6870fab59,0.12429528541290712
ck_dbdf8d0708cc6718,0.04246837992958897
ck_f04938570a154de3,0.05039938244990058
ck_58afa1550b3b5294,0.05130068949690806
ck_3b150afde386ecff,0.11165806322922138
ck_666b95e75d99ec4e,0.8100468069575995
ck_e00332597cf1eb24,0.3091417899941467
ck_9a9e3dac79280d7f,0.6266326358403239
ck_e8d37262e859d9a1,0.0886814492553114
ck_895bb39d24bc1c4c,0.04664998370336597
ck_b367449195e36499,0.09694511128054714
ck_d23f9a50d1135ce1,0.29135372461692594
ck_670dc4910cf476c2,0.012873465429791125
ck_3ecd8a5ce65e21ca,0.04327514652819902
ck_8584fea2df4c6317,0.11302207487915161
ck_0789ff4562202b20,0.10141446501669665
ck_749e0e50c3907be8,0.016565364786624643
ck_c3ff6790cc6d7e34,0.04935276965144053
ck_75fb7e56432ee4b2,0.05821644012349204
ck_529fc3170fd11abd,0.1992749326338424
ck_34a69b3b4a681796,0.7255832945309192
ck_255f0e5888ae9e23,0.25382297948267624
ck_65be698386474170,0.021009215803818114
ck_5eec9ed855c26000,0.04253468722785595
ck_5ab39bdc9610f6f3,0.634728702040844
ck_1b5b75762f033462,0.06171938278613926
ck_d3e208671cf37f91,0.8051085875832593
ck_5068ee554ceff971,0.21567446181513714
ck_d7d50fb57fcb2d0e,0.014575328062462051
ck_ba6e1115fceaa067,0.09850234196622724
ck_d07bfb16a4a7dac0,0.9461173539081132
ck_ead68310311690c8,0.888593291349891
ck_ee53ce862bc9c111,0.10438413408148155
ck_97e56e6037024dff,0.033693584887796696
ck_80b04344c98ec072,0.5698193922020334
ck_5954f45a2ab45f43,0.3697929526263288
ck_18ddf7e836256e3b,0.08269749620323108
ck_89a1a780144d808b,0.08079715011240755
ck_a7331e8b808c39aa,0.21402312080022737
ck_a1fd0ad03ff9b776,0.45387642168904446
ck_c0cf50eef030b401,0.018638837430520017
ck_074f20921189e7d6,0.023037324104413
ck_e2aa7be60794593d,0.19380133866801516
ck_72771757dfb7f7a8,0.12431550672781166
ck_a9cd84a6dddfe584,0.10925799909937856
ck_142c00f9f8557504,0.17621664994852074
ck_221b5d40358230f4,0.09931561748652121
ck_a2d7a563f520b7ea,0.09033908619978527
ck_66cd34bc568d95e0,0.22088999032435372
ck_a17128972d3e507d,0.06395133204649646
ck_bda299466bb2136e,0.08523045558943598
ck_2b699066665abe8a,0.08648263554895558
ck_0ac9848bd4ba0c14,0.016753031122580357
ck_98d2f9a6ba3a3077,0.8366571293118089
ck_a872df31b28a5f7f,0.5995974054618043
ck_7e73e1d44ce82ed9,0.04488763242372413
ck_1a415416f620d49d,0.022935476894555572
ck_c95c786d2f8b8edc,0.03842104850726512
ck_e45012f22b7f91d5,0.01928557502563014
ck_aa0b083e2a6813eb,0.1493438083973489
ck_4666232ddbf77756,0.04292879975613618
ck_e08e9c8ec5f23d8b,0.07587161015211875
ck_31d4c0518e5f52c6,0.027379663878247168
ck_c1ab40638f04cb02,0.02278834931155087
ck_4c1fdd1669c7cf51,0.019149637223278435
ck_11662cc7940ffc82,0.18667276381981848
ck_2e679af24adedac8,0.0280483707771678
ck_454b9e21b7f25a4c,0.018049446622341703
ck_355c4f29089731e8,0.8969717048015362
ck_507e40760a24d2d5,0.12440937237876547
ck_0943e0f305078e34,0.9732158394021265
ck_abc54ed7111e9ed1,0.013560102606360869
ck_a60fe02fc04407a9,0.18459550111671058
ck_244b897bb4d57c1f,0.03480098691397854
ck_8c84fcde93a04334,0.3255956549702375
ck_9eea37d2de633b27,0.06742019190616355
ck_b2cb9e6610eca967,0.07391251246610428
ck_09aadb4c41b166f1,0.5158470418758944
ck_8d94fbb4828ef326,0.03154101338943993
ck_089e3a07abbe3b8f,0.02680105915564654
ck_dfee9de05e3971cf,0.01869402527858033
ck_6abf8302ce052451,0.15449204642775466
ck_6ffa90143838a4a2,0.023449310990142008
ck_325caeab5c7a9c3a,0.0686866674599288
ck_1964ee9db929a173,0.9523260818498654
ck_942b95988a6245a6,0.3763764818571766
ck_913ecdeeb8e21a9c,0.10734721630826746
ck_ecf9794349eb4b3b,0.05073435592487635
ck_b6cb8d6ae828eed1,0.2241302703304174
ck_2f82ea66c4f53b33,0.2863761432358327
ck_6e676daa4855b58f,0.2770623567434267
ck_2a37fef48b44e9c8,0.06355888177105692
ck_3bd12d468fdc2450,0.10953633425177974
ck_1a28b6a40a6bd3b4,0.30775756028247064
ck_61b79dec96d15713,0.020970948297179735
ck_31d5e3daced93d3c,0.046408585253016305
ck_e6c8611c0cf233d7,0.02891726600658383
ck_f04761b4a937ac3b,0.043566187160554784
ck_38c1c75cf055031b,0.1480909736614791
ck_59a561f3df01441a,0.08748343061859574
ck_04e40f556a5062ef,0.03825271849705646
ck_8409716d174635b6,0.04519857986339004
ck_3019afee83342701,0.12539269459693986
ck_b51a58e7f032c9a8,0.37845271005214587
ck_5043e474f848346d,0.09501696125381519
ck_4388abce33ecd01b,0.6339777023534539
ck_c93def7392f0aff5,0.30878612928600846
ck_72e7b1acc19df820,0.02152805742283116
ck_f253130dc3ca5b3c,0.04776748158363002
ck_eb264d1b180d4b4c,0.04658923303640394
ck_c2504f5a113433ee,0.031197662395214543
ck_c16ab1e4dafb4910,0.5148083058608727
ck_4bc42878fa180991,0.20546244456640828
ck_1c771a7c78f6622c,0.155245457668179
ck_d523f0e50a2747ad,0.01811174390222803
ck_9060f4e7ab7a1b0c,0.04400552974981129
ck_6b55ec4e87a5e22c,0.3001195810475093
ck_55fc62a5f89a7251,0.08830974467678791
ck_bd2545c62f258231,0.22489593148908785
ck_1ccdc69d0bb712b4,0.1608349268493942
ck_710f867a3bd5898c,0.02211217990663401
ck_f91d48c40337d375,0.030123491782030463
ck_f76d929541ed41dd,0.11407147460554291
ck_e26a6659c237b650,0.0594238784749143
ck_184983177b73dea5,0.12767345147163467
ck_6d0d081bfa8a0022,0.18316129098022302
ck_2f6e64f638da0f97,0.03491523696964033
ck_15b93103ccd38609,0.03280373461156164
ck_094d10439b7b4eac,0.0368906670650117
ck_d2ca47180a926ba2,0.11761946402639081
ck_a69ca7b9d70972bb,0.03024763913699395
ck_68914e67343a7d32,0.02905060076483035
ck_8176616132458c0f,0.10122220313810533
ck_eee99af3598311b8,0.4380591404772671
ck_94410eedfca91304,0.1717820420656295
ck_cfb11a0a2325bff5,0.05699962394887058
ck_75217ee144b715f8,0.3549247622135116
ck_d56fc799542299b8,0.04338541248352918
ck_4c352dd3e7c81269,0.3908219410830286
ck_e23e50e02cb3904d,0.5185716335738745
ck_b921af37d500e139,0.12339172030931271
ck_82181b935360dcbc,0.9414684263831747
ck_22a7cf3b99c5e5fd,0.05826037728462875
ck_f67ee7910d532216,0.06837945685427214
ck_5f48762a14a0326f,0.014577077470611979
ck_1757fcb0e6e3f88e,0.2897937090145072
ck_2c2f080ba185016e,0.08648040092654528
ck_4c25570eb72711b8,0.017993924517281722
ck_a3be871ca22ac416,0.0802557558247648
ck_ab70961e7c6695b2,0.06689486963424199
ck_a1cdebfc42a52448,0.01620934623693735
ck_f1b80b821a20186d,0.04902369313850424
ck_ae668e4564cd2aa1,0.043058572031320255
ck_0e2bc3a5afa439d8,0.1618766637572929
ck_3dc378f37d0b74b8,0.05731398154518421
ck_9f9555197480d1cd,0.03709200649338457
ck_bf4e7d48770a4a8b,0.2012790645597394
ck_614ef655f0685060,0.03691972178427028
ck_04d2ea38ee27770f,0.029011280044430304
ck_e03a9d8ac94161d5,0.04047111664754859
ck_d4007b5b26d9d854,0.015213847950189574
ck_2dd147ce6d61749f,0.046522652176636724
ck_ff45764ea7d6619f,0.13886276530608466
ck_dbc487cb0a6c18da,0.9314126853228509
ck_791d5392bbd80447,0.03867163052312808
ck_b4068439c413b150,0.058775892570243723
ck_85df7b7de9700aba,0.017801001588118287
ck_001e42551cd06e40,0.028063135617819323
ck_a6c02ae50932cd9d,0.11190028623969465
ck_9fd0be2c018ff5e4,0.0411151879176524
ck_32a495128395fde5,0.015184853260066357
ck_b6f2a2fd232c141b,0.04577938299974924
ck_28dde633692904b0,0.4717550928160459
ck_a1a93c5f375f6021,0.02859482353337823
ck_e3982142336782df,0.12327450147455733
ck_a9812ff3c111ea94,0.07850297101579198
ck_f04062216f95fa00,0.05623351964335196
ck_7c560467daca735f,0.014149073437083704
ck_76ee10d6e2dba70f,0.3679363463275208
ck_3521243bdac61178,0.043609749999178604
ck_28588fb03b320520,0.20735199808626226
ck_580dcec33ec232b8,0.02389632797093856
ck_7109923fd7dab20a,0.1015481774774929
ck_7c872c99481c1e9e,0.0432601703359508
ck_46f4e1f5026f4d1b,0.008941692208262936
ck_00d1ebc31ec4653c,0.024886909378783507
ck_aac70764dde15168,0.11511939963701497
ck_648c03f9aa4e45f1,0.32461398561999416
ck_5478eb69ef912785,0.6392790917212908
ck_79b8523137bb2603,0.33593835928098975
ck_795c49f312640019,0.015687779975233095
ck_89184bf7b7fe41cd,0.7301711243646326
ck_97d4bd922996fa10,0.03452410488042186
ck_1cef30d08f3a598d,0.011216152359151308
ck_2f9fd36a4a40a6a8,0.015187040978768962
ck_40780fc0f8d6f309,0.07702044428437384
ck_9083ca9fec2a7f4c,0.07718071213560032
ck_62081bc35aa59931,0.05024347770701
ck_2e1b46c5fc56b863,0.33081757434263165
ck_3d139692c51b604a,0.3044333519624106
ck_b5e54e22e3d6960a,0.10903432598803228
ck_c0c4be3f44311b04,0.03861109005248202
ck_82a8bdd2692c2a5e,0.014002272461165095
ck_bdd2da300b530c5a,0.05864551397021177
ck_ee40498cd97183d3,0.05415795387874503
ck_70b9274473bd6dfe,0.03489345634350553
ck_473d6314ea614b29,0.03048415204830907
ck_7443d6dca8cd1352,0.044524847051263444
ck_3b49768b448b071e,0.06448454983110247
ck_b43f04431c267dea,0.04369790653457467
ck_4424a5223ba2fe00,0.23517909899840767
ck_819bf3e8231f4081,0.08223221301552826
ck_91d417507a8c58cb,0.5663223472500848
ck_e88e86b19cada4aa,0.08264934014915537
ck_59684167f9c6bf4c,0.4523742212780035
ck_d5f5b0dc97b9dc27,0.05811198108290536
ck_13d1b192bbff8f32,0.04874720875726871
ck_b21d8630387cabce,0.03969931858970541
ck_e4ac22046699b99f,0.05220377035779374
ck_74b848064f2ff45d,0.02710365309546598
ck_166aa980cc87fa77,0.12899181778284985
ck_98e337806104dd88,0.022457321564179754
ck_66eb09be007f0755,0.0699758936771898
ck_3ec9b9d8dd7be11c,0.13723578361669575
ck_8b8b9de339d75d0b,0.07900524120260985
ck_6715139e240007d9,0.023625382704220647
ck_a0255ab46e122d2f,0.015583396859537151
ck_66e81a4190c33510,0.05381624235552435
ck_5d75ea4f5c9080bc,0.9206455498514333
ck_df69858b8a8b3165,0.11318649507132396
ck_e15252ebd7553422,0.016504220714074216
ck_34d6d74bb3ed11e5,0.02055479398165924
ck_c2608f78f6851d10,0.8330279395011343
ck_bb99071e8f58c8a4,0.559026978481533
ck_06010f0df5b7cef8,0.21053905479514748
ck_8c582eb0f6c0148c,0.09599895758576371
ck_0034d010d28aea78,0.0755730870082845
ck_01c1f06692566ca1,0.07516367557256988
ck_4807726e797fb893,0.07732841667574121
ck_edc9668282e3c8cb,0.07697876950993307
ck_5486768475af7bb5,0.9460260355145605
ck_3fb9813849e51837,0.037110301325155255
ck_861af5a9a9a6d619,0.04516097377489741
ck_da39653add0f1109,0.009867044090880236
ck_74a4244eb1f162e4,0.011844871765931141
ck_9a930faade55b8ea,0.017522748440790666
ck_fb6e06ca88519dcd,0.04424495636833356
ck_9776cd8263a9f415,0.057502446482544246
ck_b3dd1198ac5aea73,0.13007706010916212
ck_b6675a04df1a4276,0.013896659651517115
ck_5c7ad6e731b69333,0.584147473432944
ck_28dc0fdbaec00580,0.34021852750412085
ck_8e7a32f7e3905f4e,0.0685925107976202
ck_8563fed6674afc77,0.21171551785214754
ck_9a2fcccb82da663e,0.05694944106265689
ck_6a519bdac0d94527,0.015691858949944102
ck_a0dab7aa9c4a39a9,0.022832332624925133
ck_a3ce05e9e5e32142,0.11895646689024293
ck_7a7e40ee3f97c035,0.057146730966716644
ck_9e9a830785112a73,0.15359528393098568
ck_ab1bb02f6b189304,0.7327962726025885
ck_7b8cb0f90fbdc8c6,0.029779013529597827
ck_b138fc249e659e60,0.08462284947967712
ck_e73caa3771ec5e0f,0.02171874844683325
ck_18a55b06ccccd88b,0.21211357435730638
ck_fdcb1d9265d8fec1,0.11223823582201364
ck_e21a900556b382ad,0.03847066833309617
ck_c6bf67470f526771,0.09471491083523446
ck_b568ba3837afb39a,0.010867911707468427
ck_a2858979dd5645ef,0.02377915743282521
ck_1da9d40837ebaa57,0.23193251036522378
ck_9341c7959543c542,0.022920645854635772
ck_c8ad86806b9a2369,0.29494294749461497
ck_5c85d93ecfed4b0e,0.017142648520098957
ck_f07b09879d697b82,0.02590842650797809
ck_fe43da07608b1749,0.049511182537280346
ck_4bca22b5926b9c28,0.06534776632188428
ck_aba573aa942b1d41,0.015988709131160045
ck_57c14e32fa4683bf,0.01859703070407359
ck_891530b489ce402b,0.014619734570057424
ck_5e74fdadb93ff293,0.12552020313013637
ck_14436a409ebcc90f,0.03978759247827
ck_00013fdfa0bd37dd,0.02109560259952061
ck_7dbe24ba01316775,0.14172340222571647
ck_0e3f80c1553c591b,0.09174798017742412
ck_3edc45db58760d76,0.05663297389792523
ck_29076a13f539187a,0.6869534930811394
ck_b1e81b58b9a545ce,0.4029674456889067
ck_3f8571d4f7420b2a,0.5216403598287578
ck_7dff6abe4bd644dd,0.8582580541186421
ck_2884bab237af16b7,0.06332187577533879
ck_231e6dd1fe708000,0.032628315236704834
ck_33ecaa7b892e73df,0.07180516826875724
ck_b109ec4c63503030,0.03480967553340806
ck_a7f522382509cef1,0.030178650097077903
ck_748b3ea941d8b3b9,0.03276604553504937
ck_29f3a1737a2d9634,0.10374826356538597
ck_cee8d42475a0f020,0.013320956905721748
ck_c6b6ebe145a8ffab,0.026201751106732923
ck_21c99e1d6b881894,0.012246783685858829
ck_5ad798286384484e,0.19747560674676445
ck_b621b6ffcc7f4848,0.028872967971626317
ck_ea819e337233475c,0.8156186564462439
ck_9e3896c2668ce06b,0.10300764780905347
ck_501dcf1ead036d2b,0.07298465239307178
ck_8d5eda29a2cffa3c,0.059980935978147416
ck_4d3aa36ff83f1132,0.609181607457514
ck_8e9faf94e3e6c757,0.01281448298742988
ck_ce0ec41f96951048,0.14034296401124477
ck_f09165d73ee903b1,0.07651439211570578
ck_a432b1bf1d3b3d5e,0.7055853683050263
ck_ea618f720ff0b4b0,0.03253690386544291
ck_7584e7bd755cb28a,0.09393632017913141
ck_e14681aad43e1a72,0.19110530047025534
ck_5e18870d8e30e379,0.12227774994642386
ck_ff7c26a62bda8089,0.01624416192953109
ck_cc5a35175d381d5a,0.023734227459469445
ck_3c25029e40aa8a84,0.02544269491351392
ck_771247b5bc16c12a,0.02588488896232667
ck_664b5e02759f985a,0.021390869010370232
ck_692a9e8f504b9762,0.02300028558103291
ck_df8ad2deb0a4ffed,0.14988394646776976
ck_eb48c0bcd12ea654,0.0934930215639247
ck_7c77e597c951cdad,0.13713244509007008
ck_4f75144c6f3b13ad,0.07536889235860363
ck_1bcff399166d7c43,0.04645512445159314
ck_975c2aa3d4a8c51a,0.038742803583246596
ck_bc6f07b06aaa4ce3,0.6093128160945934
ck_80b072b7f3c7e8e5,0.034715580802637716
ck_471e4018a23b4e56,0.014115157112107458
ck_53cddfba570b4a3b,0.07867694728622737
ck_630530e50764f229,0.0446190176069477
ck_dcef7887a4f1e435,0.05057587574319423
ck_2795921a055643f6,0.04829916660366869
ck_7456df89f3792235,0.031903300912988104
ck_5014a3b07e1f049f,0.5010677395666779
ck_d4ec44760cbe03f4,0.06569490038075272
ck_96810ad39d4cb7b0,0.12335321175882749
ck_3222ea25aa29bfa6,0.02024973431816069
ck_f6c42001b84a10cb,0.5627788481351756
ck_5ac86682385c86b8,0.03756324296199461
ck_4280c33af57eb4f4,0.019689647163430878
ck_05f79ddd8eefaa56,0.06793872428366109
ck_3a57a13ce032a6fe,0.017398539135538536
ck_a721f0d635fad68a,0.02929967010046543
ck_a3f821bdf408c326,0.03541281610868562
ck_0ada63008be5685a,0.1686885781930059
ck_8c949bdc6e8720fa,0.3522443438789823
ck_c0d2c56f9c722e99,0.9497777932345489
ck_5d2b9e6e087b8dfc,0.9830749956848956
ck_5217b55593a332ca,0.43769097693967696
ck_7a7bb9be5a7e48ad,0.08313637766934333
ck_24cd0d779e866287,0.026071688818485223
ck_7367917891a63771,0.15787224078857437
ck_4b31a8862a857e6e,0.8647490934220327
ck_81429c4910ca46cd,0.07833580301607489
ck_b35d803568f82d9a,0.08301981551746264
ck_4b00e75c2d2d0522,0.014202614615761514
ck_77fced07f6dff42b,0.08966386996736772
ck_3c9a06eb07c300e4,0.010006281317682213
ck_b3867f7f494db64c,0.016734606345990315
ck_0c45e54897ab34e2,0.18060529569554729
ck_507a6a580ab55c76,0.06913669137596795
ck_291bffc7809f896a,0.015458061161538264
ck_3753cc5b9d02e2fd,0.027071028593956558
ck_4f63d5245b3ac1dd,0.08583281262488275
ck_9dfb2ae78659240a,0.07696552935683508
ck_90f6f5ced708aa75,0.012839851201526782
ck_8b5b5a6b5539e39b,0.9029598326940548
ck_4719112b55d20161,0.06857838834846816
ck_fec888a7108ca52d,0.9757573518761722
ck_4f5d022c99f118b7,0.15850204993169598
ck_e967ff05514b697b,0.20138856596081986
ck_839ce35819bfa4fc,0.013329306036772801
ck_bdee1221b9addff8,0.04086546054489448
ck_9cde4036d0914427,0.06926747260802528
ck_5ac959cbcc5e98f3,0.02996669381069676
ck_619842688294dabc,0.04379512193428157
ck_7373d7b04c7799bd,0.06971219862617647
ck_c1dd3feb9a0b6471,0.0606294868985621
ck_0324a4812ec319c6,0.06316585034532037
ck_7f3685aa2933b251,0.24093393069915375
ck_06aee5a62a67a84c,0.3919918897756328
ck_3428910b44b9d08f,0.1037151434534843
ck_c3ba7534cefc1de8,0.1097179961453925
ck_1f1273a67cbad5e5,0.8965727586257085
ck_124565a11b2f8bb8,0.02285674749148165
ck_38e46bc861e0165b,0.14030894997471874
ck_c8ad3f01319c065e,0.13815806125272997
ck_3f94a34f5038f7c1,0.9111589856289332
ck_cee56be5a502fbd1,0.3843138799761594
ck_2b90b76cf4d162f9,0.10580177596948857
ck_884b2e463ff1d54f,0.030811187375632453
ck_fab4f2f8531b4827,0.07021157800615217
ck_4fc6256e0e60a926,0.04109791747188698
ck_0a2f8b2f8a5b6f02,0.18846386468967763
ck_9c0deab8a8367c5e,0.012052417420909792
ck_d3a2a4c011fa2554,0.015973750441251277
ck_4108b4038f762817,0.1740479368398046
ck_4df036e2aa7e1056,0.04196944511538165
ck_ec094eb1cbb3efc5,0.011174118931502185
ck_09f8f51bfd2492c6,0.07573242330410354
ck_b60fb9a10d6f4489,0.27232900007394545
ck_3638bc3388dbc1bc,0.6447674244928293
ck_7a58e0cc9943c39a,0.014874942525307348
ck_37dab6a0a536ed49,0.26947660400450196
ck_adc576690df5b33b,0.048274003985659654
ck_1383b2b1875000f2,0.0870199676268322
ck_43c1248db37a2eb0,0.04293176956588399
ck_29c11bd68858e923,0.01814693606953795
ck_9401f9e11f65337d,0.0635314800496077
ck_ce5ed372b1a2ed6b,0.10834593262946282
ck_08b4619490e751a8,0.7772908598700866
ck_44b9125526acb05d,0.07097444433785677
ck_ef1a1de20d2124cb,0.11035966670006757
ck_e5e2624b7fc89774,0.11831613785557599
ck_f5100511609b92c0,0.017501350987705947
ck_64f3bb17101b7c42,0.049331160041584554
ck_ea1e5b5128ecba2c,0.01523710429616135
ck_516163fcf04d5e77,0.08201326903617655
ck_7f9a748110d70005,0.057351656881596734
ck_d263b55f0a681cce,0.22758698529113602
ck_0e962eacf98a813e,0.05470432843532448
ck_0406931800e0e2e6,0.027281616985562168
ck_0e9b982afc88a3a9,0.9668072608639942
ck_8bbb625384edebd7,0.013451235091291997
ck_5eaeb87bf6207406,0.9499823582293312
ck_cc3318839c4b0745,0.03599339120511568
ck_08a0355d1f1890ef,0.06174407580803457
ck_af7ffd1a822460d3,0.7162153656118904
ck_2a09c7aa870edb6b,0.019508405870959138
ck_bc04f51c23290bcc,0.058510925530713215
ck_d3a8333cb389f4c6,0.0845520201705396
ck_88e3dd3039508332,0.21727587426652087
ck_b8c7771de9b57705,0.040290061527537314
ck_585ababa02383b50,0.04528965105489776
ck_e988c108754cee9c,0.04957164642679945
ck_4a691892d9d6cf89,0.0676515285508992
ck_7cdce37d895eefb8,0.04302774169269015
ck_483fb981a1fb4317,0.025620218385134046
ck_c1e5182bd99e0e35,0.704357207441566
ck_9a1e3ec9a1839939,0.04623208654055338
ck_5c3f13de0dbd5086,0.06542743112798126
ck_f4f6f0caaab70040,0.014464780689942114
ck_791be3378dd7d64c,0.043399607999415134
ck_956dd784525f5886,0.04815010064332771
ck_098167eaf124c279,0.20763617571265838
ck_33ecff7914349ebc,0.053094214842942654
ck_e05d44e46c7174e6,0.05641631426612985
ck_1b2ce474fa6582b4,0.1680094359905653
ck_ab581082e8f72e3d,0.04184444522426309
ck_e63256667aa19070,0.1550926966788064
ck_f568772b6cb3febe,0.05819069828349344
ck_dd89a282375bbab6,0.577638863940632
ck_a39d0bca345b492d,0.03247323476258239
ck_d12d2924d0f7a64a,0.041952391946714705
ck_6a548da1728b5823,0.9786157705464638
ck_6d64193681d2a94f,0.13046311711683864
ck_ced6b6dcdc7c201a,0.05548143639485152
ck_d1b0699d26282871,0.20071855879755857
ck_58f757e40a9b8877,0.05095628954838255
ck_3272c2c4a37d5220,0.7203136468899016
ck_d94dfde9e03c9d1a,0.1619535878288472
ck_08a6d4903a7fbaca,0.05635412444504538
ck_6c72a36b05fa0f4c,0.11582075197947728
ck_dbb4bd4eda97255d,0.1480816763135712
ck_94b59bbc824b307a,0.03595126787074963
ck_0229a07185f15469,0.0432186729637178
ck_11bf1039f8b3025b,0.048976107122630286
ck_36789ca11459131e,0.3283749305531521
ck_8572c5f5c1447c62,0.06474568293941024
ck_9e75c6641939f4fc,0.2839808623353087
ck_b45e47c39d4dc7bf,0.09543043799838712
ck_02903c48b6cfd65d,0.03321971621098712
ck_b153386f1729de81,0.013516805876869698
ck_36979996f33498f7,0.828324102941795
ck_3c02d4dbbf6716b6,0.044228387210398984
ck_66c9a19963957531,0.19382571023896228
ck_bae8dae7cfd8baba,0.01933831479733012
ck_bba0ccc6cd968680,0.10609060497943087
ck_3267fe3aac05c71e,0.02023048998096437
ck_40052cac10562cde,0.05230834301740795
ck_d973444855403e2a,0.0320130348959645
ck_012519bb095ad36b,0.9824946595492265
ck_ad7c256ea10c4a00,0.397145580445842
ck_70a60e095e9b706f,0.01249077225092743
ck_f2734417c0db4ee3,0.02942791652850317
ck_9cb89cc3178e0172,0.052583975895915167
ck_779cc0f2de4d5488,0.5350823127902252
ck_35f8656bf93e3b3d,0.05276695942171567
ck_bdd8eba728800e29,0.08370277678504263
ck_002cf760d173f0f8,0.07462925126256648
ck_b046067c6ca3831e,0.02248859437084409
ck_a4a42d4bff8af645,0.02210669157263906
ck_bce253d2396681a1,0.03197786994090854
ck_00dafc060c8de32a,0.059443785370394325
ck_968a99e097ee78c9,0.19821269513228404
ck_66949171b387bb93,0.06643457576402124
ck_ad305286702b1958,0.014499122774745162
ck_4732da7e0d2dfc7c,0.018671835038680522
ck_17a95bba77217d85,0.21054534554616752
ck_3e2516a3e35067e0,0.07794256354489097
ck_0b615ed566da1f58,0.08752481700338172
ck_d2b3ce1ebabe9f93,0.13289400454786696
ck_a892252e4e0c2828,0.036163228986490464
ck_cf606fd6ebfdf9bc,0.03147652097264225
ck_718865237134ebe8,0.0465547905417409
ck_878522cb775b904c,0.2980097388468222
ck_9ed53de6ef779ae0,0.012717852354404128
ck_3f16e2cd7e6874cc,0.07614822911372403
ck_3c59df37895ead2d,0.05415795387874503
ck_6821459b626d492c,0.029984641699602747
ck_11c7667920541587,0.042117430113300415
ck_23a016cf6b98d89c,0.13894649972620815
ck_7137eeb394d200f1,0.23868846524304355
ck_9c4886c5c90ddbdc,0.02363659100751805
ck_1422a7bf7756294d,0.8558130532662729
ck_7ebc5fa7f0d3b8f2,0.07632302762928073
ck_fcc2059a8d5c41fa,0.6130758945073177
ck_00ff7389d6a83e29,0.4708681836183449
ck_03129b41457795d2,0.039888904737935445
ck_38ba64efa7c38250,0.1313324643226284
ck_57a6b56b09bff24e,0.0506721109591129
ck_e3b3c5a80a567418,0.02074489350805492
ck_fc40a16adfced018,0.03181508763166618
ck_9d4b5e6b43bad4d8,0.02648897893427494
ck_61129937ee466b49,0.1851207981109779
ck_74112e47b8629c2a,0.5378365771304519
ck_b4703ee97f94d7fb,0.016699719888750065
ck_e560f720a988d8a2,0.7749413972810093
ck_708fea345f68037e,0.03467371066651128
ck_25394c1b83e0b803,0.030336655029535253
ck_17ab24fe914ae44b,0.014887116351616788
ck_16c501470d9bb006,0.022056051600160907
ck_628f449e248c19b7,0.13505095937982017
ck_6d64190623dea714,0.03544115559194903
ck_504a45ee08db72b6,0.033782114317183615
ck_6cbb011e0c70bc7c,0.019568155513095827
ck_b3225a98acd04f83,0.044373712203273435
ck_aa37993f1c17cd1e,0.0821523242718109
ck_558cfe5f77a55a9d,0.029072184410832272
ck_0d0a1a021efea5b6,0.12061693573602224
ck_daf7aea023b7a8f6,0.1513204427782147
ck_d75f25184ece2b51,0.030036921849642566
ck_466d4b5366c50b98,0.02808113261515878
ck_88f27ab479063852,0.1555412612904029
ck_66779098e78c1760,0.018747182507254663
ck_b150fe4efb449b05,0.03176560721983486
ck_9c3aa9f23d01fa1c,0.036286923699682797
ck_6a01c375fc26705a,0.017031306871714332
ck_002eb6552b504ea1,0.04075702426079529
ck_affa5aa0bff9bb0c,0.051072418215931094
ck_027614eeba8b1a4b,0.06535940140831949
ck_67e075c982add719,0.03784937023950449
ck_399b0d510be98bd2,0.03477037128017641
ck_e9b0bca7368555ef,0.03681873869395855
ck_59c29d9c57b4f994,0.02078702984816301
ck_37176850ed68831e,0.06775771809246531
ck_a0db4ccca08030c3,0.8661990055386039
ck_aa188e5c25f7f42a,0.18330519118130492
ck_7de6997178207800,0.01945543119892843
ck_c729d19053387be9,0.24851067513426575
ck_f2d3e3d90608596d,0.8467968868257687
ck_2db3fb565e0211ee,0.019760191653307696
ck_bed8a480e27e911e,0.06372253815773513
ck_d7ad9921a4d25926,0.21516442132115482
ck_2a59f23fc5194699,0.37522476412988803
ck_63601a58a6120d8a,0.1282483141374616
ck_efd7b9e22c6317d6,0.06668106044263368
ck_9ab42875a0f95b43,0.4072347163558331
ck_85cb5033fca7c846,0.20618367187541176
ck_5249b223000915ec,0.07432894662492553
ck_3efb0e9bf25612c7,0.023553760679804577
ck_678e74532ac19700,0.05013385221563049
ck_a980b296c95153f9,0.08094205132285656
ck_01ac687ce0d696a7,0.07439907606411615
ck_52e1418cf1aa9871,0.12688867588163222
ck_7d28da4f1dab09ee,0.18266882865456044
ck_010d0c2e6c1657fd,0.14628929767529592
ck_b524f7a2e752b9d0,0.04218075121391747
ck_cc447fcc24a0772b,0.38925408122909366
ck_2cb3c99845e572da,0.028010845310150082
ck_604c710141327a81,0.018948197147673696
ck_8d5fa65717d2e0c6,0.18104820496216167
ck_31199510b40602a1,0.042774670917877074
ck_49e253ea12f4e922,0.0500954389823225
ck_780738e0d71e7e43,0.0359169306437041
ck_2cd21137a07fdd7d,0.049177645710959055
ck_5e021f2a3b66e256,0.0983396531199512
ck_efbc79246e32c66a,0.20547046421753884
ck_9951bd806c13c7fd,0.14233652071254457
ck_7a52674e2806d8f5,0.1289576930865094
ck_1a319e509f1efa1a,0.019367015859128284
ck_c920901b9a4ba993,0.9411317840986968
ck_b71279e807d0b3a7,0.021029780792832662
ck_47e1032f490bb018,0.057945675418984856
ck_192579ecdca7ff83,0.06350477380958798
ck_b1496c474c4a3239,0.017589354106808813
ck_5e68ea2c5e893cf0,0.20129376700594806
ck_f2ecab85d4693b4e,0.012651205082790714
ck_89d7bfc81c3df597,0.024941032128213633
ck_7929284327667791,0.2552454374852265
ck_494ec63c5ce8e150,0.0689324204952072
ck_319b059bb2145586,0.18640915377451817
ck_ccb3767c239018c1,0.024799633912734296
ck_a1c7adfe26e09a8c,0.1594656541747749
ck_0e13c4f73818149b,0.04678071150144927
ck_c285a51ed6214f52,0.18512703052000037
ck_916784595f028226,0.5550618423651072
ck_6cd8e0196365c474,0.04961636800343304
ck_57b657aba4daffde,0.13815806125272997
ck_562c76a3753fc7da,0.9103812792662459
ck_66cfc1ebc9a513c8,0.04061810719330247
ck_0f38d4aed68d7d24,0.06504015437766726
ck_d8ddf5e99f7859e4,0.06675629875578164
ck_41bc3efa0fca700e,0.38068381281417596
ck_40799e129fcf42c5,0.3479191819287757
ck_786f079389126e44,0.05852857556985992
ck_bb4c6b713eb0b978,0.29539019393643845
ck_4f01f7eac0efaba5,0.08687469681285077
ck_47d29c01b20cf69f,0.11340608990227412
ck_bf15a1f8d67a30d3,0.061940371868421974
ck_bfecad7586f65e4d,0.08777809503635316
ck_fc9f16df35190eb4,0.46314028415552355
ck_c09c914e416edd08,0.06242058107402947
ck_c54c5d8e4433b0f2,0.02885059374120355
ck_1694c28f44480e98,0.027477418919069137
ck_1dcaa3078dbb7571,0.01168213664693627
ck_af559f990c640e41,0.05426613287031043
ck_9b436162039a77d0,0.07711033973225927
ck_79d62ef181bd0cd8,0.06446472935642748
ck_23caafc2cd34242c,0.06766923050052151
ck_ffe2aa26f597e552,0.059930287867311895
ck_e6ffd0754ac08661,0.027405257021372198
ck_beaacb4a783db21f,0.02004418089173611
ck_9863bff41d24ce9b,0.02397854090352461
ck_323b9cc5c49f8ea0,0.6079628030896965
ck_ab3de3d3e41c2082,0.03532323289250931
ck_35c93b2924900376,0.032741936538720554
ck_5a9d5f9901e37e31,0.16866623392831862
ck_782b0be796164335,0.02488986686579765
ck_11960b5f1c7a5e2c,0.028745403527578407
ck_9a66cb13a9884cc2,0.04553603598540182
ck_ba666a425930615a,0.01439836572905836
ck_40140bef4db73741,0.06561171177017527
ck_e05e91cc180063d4,0.3678744996768086
ck_c7f6f45710bc050f,0.02464886690988219
ck_055fb9f2e1c8c934,0.17549742187887218
ck_58bb02d98e2b9cd5,0.1626328968069823
ck_d9f8efa6a7800f76,0.03619109053783598
ck_69691226c68fd50b,0.8616425563795905
ck_6f2f0396e5b1c538,0.9501921035721154
ck_78bc3f1d0f35ea6c,0.07949495363394964
ck_2d5a6b6636a2596b,0.03685791693448024
ck_7878545739af0a73,0.013923268606353126
ck_03c4fa4f3ed3512e,0.024023444095224722
ck_1a9e51d092d62c84,0.63167168155932
ck_9f3861940d8d873c,0.3985354121391788
ck_4684fdd61c6a0fac,0.15771428866941506
ck_715966f86d5c913d,0.015866066436489842
ck_77f293d44b4a3d2e,0.06078071533341508
ck_24dae044dc05f849,0.2361802106639571
ck_00b9818e2064405e,0.5779347855584189
ck_c1c2cb49c3c1b0f5,0.6225322192996551
ck_bed50fc64fbbf8ec,0.039183736552916584
ck_4f6ed5ea5ab7c429,0.032910121915882815
ck_458531c22ec2f9b3,0.04938735728373479
ck_51c50c4c443df31a,0.8655264968166929
ck_732d45bd578dc39d,0.03265411919930028
ck_783fe5bc20cd02db,0.24341847593594773
ck_7f188aaa63d1d442,0.04583529303044124
ck_ef307a6aee38d1fe,0.946246123416078
ck_e37196b20968b73c,0.10936917391306261
ck_4ef9de711c3d93b1,0.11792384820935069
ck_17946516d5df71d7,0.026972178292531977
ck_3534be0f4efd313c,0.12383224193290814
ck_29fbabf855cabdff,0.01582954888037521
ck_191673540d8486af,0.10525918943888404
ck_5f52728d777ff2c5,0.04816941128980693
ck_a045a19369016818,0.9835284926625276
ck_4eadbe7298b15e96,0.036736128339054853
ck_a3a0bd59729fe619,0.03463491976865466
ck_a1e77090b1c6ccf4,0.04382974294360925
ck_69ab9d4784eb77bd,0.0800638516849478
ck_baa47383ffd50f04,0.05876378565358997
ck_e35b2ed08b9e55a7,0.023750880077891293
ck_b6e3af0a5119d9a0,0.1451630135547419
ck_a7c1dabf3869772f,0.22376289118206263
ck_80b8fca67a14e0be,0.6532825813623743
ck_dd9c5f0c42878e67,0.015164369887386672
ck_41ef7967faf5ce82,0.011597139708513247
ck_a93560aa348d6225,0.2693150968589871
ck_ffe91d6f0bd93fc6,0.2070655565883351
ck_fbf630c960194033,0.040179204607689395
ck_497ed60723283c0b,0.07021216072193764
ck_2a46b7ca55239413,0.04904117961154067
ck_1a4e5ace078dd782,0.059760581564315005
ck_616cc31910f5de50,0.03662608898108486
ck_0d65bc749eb42710,0.1049626358920917
ck_2408db62e4395ccd,0.1202883688535348
ck_5d7721930106dce8,0.04567297176741698
ck_e8a6acea22b20312,0.4958355042528836
ck_e2f792fae128b18e,0.526585411067537
ck_e6d3ce445b86003f,0.020872639443003053
ck_263334d722ecbc97,0.48869915387452617
ck_8c5b29f6666d4874,0.10074869421528894
ck_7ea0bf310fc20c7b,0.9048766070584658
ck_54d463f7fd89ec3d,0.2310118500415988
ck_79e45040dbdd6447,0.1082232989822914
ck_60b4d59953505682,0.9323404874869948
ck_fb00dd5021642507,0.1258319073083905
ck_f409ff994a210601,0.16245356216554507
ck_2ca0020038bfec58,0.8095277750451232
ck_adf84b9df54c3d80,0.17345532900154845
ck_942dbf632591b65d,0.20779403560632767
ck_454a7e4d859a3409,0.014883462370848945
ck_2139062d4569aa07,0.023960341613006062
ck_e949a0f4df0b3902,0.36536205578249503
ck_bb113e3e6716ed65,0.05030479160801519
ck_6a28ea6ce69cb869,0.3395887907264626
ck_7df9910af2bba21b,0.02927451492908123
ck_78aa4b731cbfe251,0.06347644449866312
ck_5839f5cbd8165b1e,0.0731826314839582
ck_7158ad9e58769ffa,0.29649287909063354
ck_acee218cbe61df69,0.12277719532018677
ck_f8dc8473c2772729,0.27189404415205376
ck_f34c93a8173555b1,0.18798801076765426
ck_7cf301d075e4e709,0.0512099607433652
ck_b87e88ee5512ea17,0.01809872214935652
ck_bed0c020b10afa3b,0.04643830243855283
ck_ca10102961f99eb4,0.03532601514781558
ck_393287947b5c8d79,0.07583047906890555
ck_2fe6cac002142f67,0.16703164850044144
ck_79c7f0d29b1db1cd,0.11889973766211381
ck_c735b643d3cbf67b,0.02039990317805731
ck_ea4332c8fe48e2a3,0.058318703549764254
ck_d39864119cdd460f,0.03299196080062332
ck_3b963d6be2773861,0.020873969069472316
ck_df39e3b8a9fd0bfd,0.9043155833236854
ck_6236a461dc0d11a3,0.03743016631276881
ck_475ebccca25e30d1,0.02480726236850829
ck_c10c8bcf5bcd516e,0.13900799506332073
ck_49ccc3716a564256,0.09122560711458154
ck_4e4f99102f6938cf,0.13036756146368253
ck_a97b481ade6f7972,0.08573413061427954
ck_3fa559c679751b3a,0.09446218562088236
ck_3eba1fd2c7acc4c0,0.5043295585824543
ck_18c179b4afc4fccc,0.05848415647463062
ck_cc1c0b93d05b7d20,0.0997468983434685
ck_742f7c28ddd019e8,0.06183449946514788
ck_04470bc93b8a0d71,0.05940758134154542
ck_6e8f8ef7a03cc6bf,0.04379933735425524
ck_eb1ddfc353b4da83,0.014304144884119296
ck_98831b57c7ca2e4f,0.029012211878084865
ck_a6c7b8d6e8596d4f,0.2692182628149714
ck_cd7d24e3b095e96e,0.3449261030609014
ck_3f5ae4673a9f858e,0.020563077788050818
ck_05f375fc8ae0afb0,0.050162034915466586
ck_1fc98436281ee39e,0.022438588573621708
ck_6c48c58678f64bae,0.017582416538525436
ck_8c95aeec6a4c75b0,0.0184775872738136
ck_364cde38958b7af3,0.716610812194464
ck_85bf21aa1a00452f,0.021508208595590547
ck_796d3eaabc667c23,0.9819481707146499
ck_ac449ee0c315edde,0.017625773334034193
ck_6f9fd15ac6b163de,0.016955543309938266
ck_4087065be2a45ad7,0.5021410582526638
ck_ecf006bbc78ee3eb,0.47154692597485237
ck_8ca808cc5a49cb5c,0.04312733845829852
ck_94b90ab8b2dfb50f,0.12332633853534775
ck_59fd11b3232de9dc,0.9366122696512112
ck_67f3794d93e2dd67,0.4384927831721545
ck_b7f5acf5df1bb13e,0.11116930227917374
ck_fb04ecbaebb774bd,0.04684105865460984
ck_68ef3e7301c621b7,0.09153251295073041
ck_41406cfa209b6bda,0.019633757544678613
ck_b0f8f5408662337b,0.04383685834685807
ck_0d2901bfe585c391,0.35344587104877484
ck_3398551e81dbf3db,0.13377013494409346
ck_61c3e3e277629646,0.03660486840112968
ck_2825e34dd3e7ea2a,0.02626240186341621
ck_20d7571ba830009d,0.07620153864188942
ck_c98b16f9a72a6568,0.013973552066288922
ck_e7c8a9e4641eb9ed,0.012129360966931743
ck_254a7c97c36dab8d,0.12442626285959517
ck_e98429675b46272b,0.045504798121960954
ck_c2fc0ac460786d02,0.32870831017173335
ck_fba15647b3a140d9,0.041749545178004506
ck_15ce50f2704227be,0.09462624069598002
ck_8c748aaa4a4554f9,0.06921396984309378
ck_e00e82a9419ff086,0.14388185578154222
ck_832341c98254bd84,0.15146203962022203
ck_27466468d06db4eb,0.2807720367405491
ck_9d7b9e3ff1f3e71e,0.03317707410971952
ck_42c6973d3a6fe983,0.029048422967774993
ck_877c85bad118bc62,0.27283365110810626
ck_75d2a2715259c4d7,0.23797207525177327
ck_37d3e5c681a2214d,0.6393653882647384
ck_bf285dd49f372de4,0.07540000037502419
ck_a5bdd026fa9c50fd,0.06497712348741551
ck_88d9244a9cf7a77e,0.9123252234018159
ck_5881b174e49b04ee,0.04323207515622419
ck_5b16d67c5ea89930,0.07557519183029346
ck_b75b936aafac56b9,0.03296624699917047
ck_aed2681e1646a0df,0.23893825689087078
ck_f63cb5e8cc702bad,0.09448877301971977
ck_1805fcfc4a9e4ffa,0.9493430445473703
ck_25c355da356c730d,0.19308650766379573
ck_70396398e4a96449,0.029812295262243042
ck_0f743bd13373748e,0.10749017188082202
ck_4b387765f0e916cd,0.012780856037284731
ck_e971faae8a10a260,0.01944033918613981
ck_9eb08369e983abfa,0.01527959107171281
ck_c30c5844512e429f,0.14882658102344803
ck_59e77e3a81f1fa0d,0.08843833135738703
ck_ca4465f2b5c1a52e,0.9371654057429071
ck_c89b9ca398402f1e,0.015630253023514146
ck_36e72ef9273e7a95,0.11728852648693083
ck_2bdd8616870e5e1c,0.025626169764976475
ck_216e87a41de22b5d,0.5314357348684386
ck_60f4fb44f5efe3a0,0.020302816335847892
ck_05652e8ace6ce6cb,0.011494635925973776
ck_8c136dc691e65695,0.008497740125802478
ck_a08f8dfadbdca112,0.014924168618512415
ck_bda4041a3e90d860,0.08544776800033585
ck_15dd3ecaa8ce0245,0.9146527813245499
ck_3e3c64b3b7876ce6,0.2412070236965337
ck_46225858a38b2e57,0.044572302093914704
ck_0cb9f54928f4feee,0.08654540942014691
ck_152671fbf8a9a78e,0.6260933090047998
ck_ee7a515e87d17d4e,0.09813144984773033
ck_f7276091bf513d22,0.014116542544246416
ck_4f05daf1cf0d5755,0.013381116042628129
ck_83a69c4a5d55ef19,0.12256738357353826
ck_c50fed2a7c9198c0,0.03871170406123089
ck_70d19d5650ddc8f5,0.06068226346600498
ck_4b4d99e443618904,0.15960590585307302
ck_dca0b6ca93311ca2,0.07102214040232815
ck_b7431d4706461ec6,0.044160373292876594
ck_7b59d22cadef3b05,0.29989285389111264
ck_53428573abcd606f,0.06988639126358707
ck_f538ab6aecf2adfd,0.019849487469987992
ck_d321249fb065d2fa,0.14861116131155025
ck_72fdfc7e6d8e1436,0.01628032368536837
ck_b52b99dad89ecdfb,0.14442269536029104
ck_d2d4282f9d256b3e,0.02608243740783438
ck_c8f2a1dd8a6141a4,0.017953175669254806
ck_8d38747058d0aeea,0.8187670219462342
ck_3ac528caac74f563,0.03230272061608497
ck_8dbaaa00ad829ca9,0.06562377285071667
ck_7c38ec898f0fc21d,0.025204645983397934
ck_8171ef803f5ff604,0.12407181651632375
ck_01a750db6fc1168a,0.26279231089084665
ck_ceb017baa26e98c8,0.18710295401404883
ck_e2c66c72cc0b0f78,0.5330069991563664
ck_8d9518f64b222416,0.04296793581104318
ck_804c5a1fa5753617,0.03328617073616291
ck_fca7cc9c42695453,0.022252501388361226
ck_3a632cdf2c19051b,0.04243366049538178
ck_b2b63ea65edf1dde,0.0976043096431408
ck_27b07021500ee841,0.0445102325994667
ck_9724718fe64c6557,0.9709779123906648
ck_2786cbc3e75ec034,0.5605367385421994
ck_d9c2622cb6df380b,0.04839912606214012
ck_ae1da8ee98e402a4,0.026355340034879
ck_62967b91504149f9,0.039483246791754675
ck_6b255bf68709109a,0.03946677363385292
ck_c55afc68421d85e2,0.08797301520230606
ck_7c7266f6ef2a8466,0.08297428171964698
ck_885cf685a9541190,0.9075179881789707
ck_1a4bb7d3d2ee3227,0.06213566695803892
ck_b4911c42f3bff740,0.017414716004280576
ck_66f9f78d4c6a3edb,0.16602625935417342
ck_49bdba9ee1899dfe,0.1687626790528052
ck_79b235d51718435d,0.08598581982066367
ck_d840db8cfe2ef6f1,0.05701094953000419
ck_610c7bcc1cd7ecb0,0.1341238322811788
ck_cf49b6544aff6c50,0.6194694008997139
ck_de05f97c3d40dd1b,0.097492742934583
ck_0302f67d75973dce,0.16618365396139967
ck_54c2604c9ca6256b,0.05915756943186697
ck_a1c88c0568f142d0,0.20311582042831977
ck_5d72ff6cc2963d1a,0.024916416009700185
ck_0446920a1004c596,0.010881115679052178
ck_71044c29ef071570,0.05733557694420602
ck_2122e9bb1afffef7,0.07662095537729774
ck_d1e3de178601d3c2,0.07522350224164016
ck_bec8324a3587ef04,0.014381699386149365
ck_b616b6f45225f319,0.29404338156985566
ck_ce1e695884511479,0.11199007656461892
ck_a662b4bf900781e4,0.017271225587659936
ck_b5a84c5547378c10,0.017430503472469046
ck_f80af368cfc6cb7e,0.044214042569859245
ck_da3526ab6c5c884a,0.15386127587643592
ck_bd20be9a3392d79b,0.049040348228340955
ck_b8266dcd90cbfa62,0.05569916486435075
ck_ac84b33304362c06,0.06942713527792159
ck_794d8935a895e33f,0.11318874917815216
ck_8fea7d915259f1be,0.020192111556053535
ck_7a1519ad5ff45312,0.02389997672368842
ck_9bf3ce30b65f75c7,0.1308859089922333
ck_5f864d72d1eead99,0.3806546978429184
ck_3c48e0cfc2a58041,0.7662527777217686
ck_d902183f80cc81fa,0.1833632110468546
ck_539cb0d117db8cd3,0.45221209089475994
ck_28f530aec8e77130,0.10663246747634611
ck_e7d903c50d353361,0.303092938364771
ck_d288b77d1e227970,0.16922881453010646
ck_017208fcc01b5d40,0.06087334464492473
ck_7e3923d278a5106e,0.06402621814265574
ck_9700a00ff9e66216,0.24327247005990446
ck_5c36c78b7a4d138c,0.22422140672495025
ck_c457e9c9224b773d,0.08041828515264467
ck_1dfa91405d7e66bc,0.01791344258902931
ck_f1d8a2695a575e56,0.033317354302103405
ck_3b92a46daf8d00d2,0.03449837665563207
ck_aab23b5470469649,0.0568114346046989
ck_ecdd01a391610d99,0.0446485983328586
ck_abd3aa292f8edb4d,0.174539195280021
ck_7fc9a0776e1339e3,0.01774805453096945
ck_c0389ebeb0e65cb8,0.028151473130224373
ck_48d0fc4f6a2109fa,0.953040460578972
ck_571dee4f3336c7ce,0.05087562785578913
ck_4cedf26628c84f26,0.03189148200207674
ck_63356762d24aab81,0.14464538771224214
ck_2c5bc11bb7ae5d2c,0.963421642624485
ck_6d26a152f900fee8,0.030252900398434042
ck_c972b0e781efed3b,0.017620564815600346
ck_fa0ecbcf9a33d6ce,0.02660482988637421
ck_fa3a766e49dc77ae,0.04327899914251256
ck_7baf1e55db0dc558,0.06551097943453958
ck_e8bc49e6494c1f37,0.04258531603277281
ck_8ef1d05cc1e53e7e,0.17343805004776033
ck_cef2a485a77e0723,0.06032133738580823
ck_228a583f23abff48,0.0924596688636352
ck_ac32c6e374782b27,0.4463384167540291
ck_b9485218cef413f0,0.05544495788978584
ck_7f15503048915d6f,0.06383283222996955
ck_b62f5144db15ad34,0.23705052882908886
ck_917d82c552f95a23,0.058894343124901584
ck_fb4797045077bc6d,0.017209569555686918
ck_2cf8a44e041217de,0.053601978787555404
ck_b7dd681eb3d2ee38,0.02748538476252386
ck_e9e8cacd2fa35e79,0.07733866121027146
ck_342a79f91de5d1fa,0.11100744556040812
ck_2c91f62c05685ed7,0.019764738191263682
ck_e30cb64302939f38,0.19459265125685382
ck_d0e95b90ba86da10,0.06068605425223553
ck_1774faf414a5d49d,0.7853193622473137
ck_2401e8ff89e574fd,0.909625047723732
ck_0cd8802264e0a1ef,0.14541554784078897
ck_da84a0dfe947fd3c,0.06847088634923033
ck_c8affb27ba7fb5db,0.39193632890112023
ck_bc7ece8787ca7200,0.016758120685095832
ck_469a0578d05990c2,0.03864626732746707
ck_eef67f8dea702338,0.19351218132395182
ck_4f490e379e9ded9a,0.022243177238633925
ck_354379de065a8ff8,0.028811352551171374
ck_5db1cb368bc41ac3,0.130597637188853
ck_9b1c3742dd6fcb8b,0.11826508749054232
ck_63ce4f44c92d7143,0.10606804661472821
ck_e15e3390f5ed45f3,0.07589098638472876
ck_da645ea91d66aa6f,0.7723658757135262
ck_834ca727df855f07,0.4147550589678643
ck_e1d5ad20c737c745,0.3134601607754419
ck_ff8059ae5fa5f1ee,0.008833844657238233
ck_8bb9e75393954a1f,0.02188814505700674
ck_4e1757d1347ab387,0.9816552001285282
ck_af3f74b1d75a5d95,0.1325438051085806
ck_6b1ab0742ff04c3e,0.18597897528570206
ck_f56073911c9f1ab7,0.03909216420698716
ck_51bd5f69b4fe0b92,0.8731014152091487
ck_fc3d95030b81f416,0.012647951962503859
ck_cf78169633a1600f,0.021445764190298974
ck_ad7269eaa65c67f9,0.06503585415462253
ck_cc6d33890d47a6cf,0.08437680339160476
ck_bc8f31f4a2ffa1ae,0.011473593123763174
ck_720776a46e56dfa8,0.04266113214880296
ck_e2d1f212f259539b,0.05688456409943532
ck_eaf6f7082c3db2bf,0.20220341263406014
ck_773efe58c6278c3c,0.04110963325746496
ck_c4a72c09f2fdacc4,0.08441162681429686
ck_8982888dd6611143,0.014831613763096512
ck_9d5049e195eda029,0.07650740291124494
ck_de58ef6f9fe2b546,0.053057013219497406
ck_c0b50c11e4f5adf7,0.13744755088220736
ck_ddaf228487858bb8,0.10118214387011476
ck_eb2323215ff70362,0.180858179312764
ck_168c96a1a636ea15,0.07899345284778002
ck_9c46711b14d9eebc,0.019786107576785852
ck_de8af660806b97b5,0.01624869662862022
ck_6ab83f45bf16eaa6,0.031797674454733985
ck_bf2228a052815840,0.02505643942218343
ck_3f943f20a9da9bff,0.1579813403256445
ck_3baae40454c00938,0.060074379065902524
ck_bc2e771a1d8d2dee,0.3140367152838997
ck_e55f5ca37f30ce8c,0.07603595176640443
ck_4ad5937bef176d89,0.03836590688368739
ck_126531a9126c17c4,0.021731230541323483
ck_7ec423cb56257516,0.14015558162145594
ck_54748ae0f2daaf10,0.13604281416530536
ck_ff24776280ceeeed,0.040965685813545254
ck_3c3a1a1365741bba,0.018610422987358183
ck_615277c8a4e2b18b,0.0271814808809887
ck_a96aaef34173aee6,0.2790504573720613
ck_bea56db7f3e930e8,0.020960103315480268
ck_ca491debd3b32a59,0.15932220584622173
ck_d9ea77f4114a389c,0.017595560354011865
ck_322ffda3332d08a2,0.09517178389436567
ck_c40ffefe4e30b001,0.17014985073117186
ck_3b1d7648d4580bef,0.027751056787562334
ck_23981a3261674131,0.05299793662036284
ck_11667f5b9fac7bc7,0.022072801245214393
ck_646bb3c7be5f0817,0.10899816225341785
ck_ebd0a45712dcf07a,0.11418054718233592
ck_baf43bf1bd963f9f,0.187436073170854
ck_e0ca2c819658f6b6,0.9770868944736459
ck_f0d6633d0834fff5,0.19607236046693685
ck_91081be0254878a5,0.03767655207384548
ck_1325000bc7f35b5e,0.01724929944833601
ck_c624b9063400fa3a,0.3059524697543924
ck_0ad6fa0e23c3bd0a,0.567169693636771
ck_6ddb55b1f23c6cb1,0.06372193935049887
ck_dce1fb3acd65562f,0.028699948675303684
ck_a9aa389688ee5aea,0.06513650999876872
ck_5c5284c45d9ad8bf,0.17037976802578558
ck_9ce743dd3e92549c,0.09550869901610698
ck_8342e08cc2f9bcb7,0.05139229542706305
ck_25e551a0a8d2fcc2,0.36201912804775976
ck_d4fd0e438c97e0c7,0.38271758521427157
ck_ac7fe1c344190c50,0.04209461550730093
ck_ddd65711b5651f89,0.028091148168005214
ck_ec7406cb5cbc8f10,0.01856147072394362
ck_1c65e8d5be3b9c60,0.8394108069594667
ck_38ee42f15a573e81,0.1732956833726648
ck_0e5385c70c6de025,0.04630454610225799
ck_d3137f0f7629040b,0.02546376421264338
ck_9129c92c12e0c8b4,0.015869457164303855
ck_c86520a00e50a926,0.4429229979418418
ck_87f82b2b5fee757a,0.05484122385336596
ck_643abfbd7548d0c9,0.092476670499103
ck_be51f4e5e6b85768,0.38402381188568685
ck_132c16312f37810f,0.02032607287155828
ck_c78c096ca8cb33ac,0.013027673557579555
ck_2ce5afbc014763b8,0.19281912686975486
ck_50ed8f4e7ae6710f,0.08024290813293296
ck_5a4eb535c9a11993,0.06275447305427678
ck_9b665ef46d785324,0.04511647067908542
ck_e066f71f8b296b7a,0.032987530653213394
ck_560bc6017870ab06,0.033049716150593204
ck_fd78f8a8663646d7,0.0277797142110991
ck_4af5ec61ddbde1a4,0.1955509595958428
ck_c2ed04a9d218410b,0.04154154785829346
ck_2455d43bbdd2bb69,0.10823337134818366
ck_56eed7041add49a1,0.7302090806513298
ck_5f0be7b468a72333,0.04110050341165498
ck_19660cec756632ca,0.028020154075526292
ck_fb90408f4892a21f,0.06225072333782831
ck_833a65b86a5d9bda,0.03456734995699872
ck_2ac36e1dff211d38,0.1403313030564412
ck_c00e70606904539a,0.06471559354659903
ck_ba8affe4b9505a95,0.7860447583606738
ck_0c3dd22587b08018,0.07050407393354438
ck_618c4e5cfae99dcd,0.35448179737657076
ck_c9690baddfc4177e,0.01924477679575684
ck_59fae092fb0c4aa3,0.06655150450673201
ck_e03b7d0fa0b28f4b,0.02088415135593602
ck_d451d24c780b5884,0.0435687856786865
ck_e980d325b8dbb8dd,0.012644597642445531
ck_cff18e2d8c520272,0.0270918596202233
ck_a0e46b67e986ab56,0.07319102330042068
ck_3a469039a5b9d963,0.04792848931524657
ck_12cbb211ebd2b437,0.19511214313516564
ck_b8cdd6d6dccc4554,0.049578297310325696
ck_794ba5921cef50c9,0.08785051373483138
ck_2c7667f64edec2b5,0.03284020755655255
ck_7262b4e0c29c942d,0.14066748282223893
ck_5d818522cbfe2a54,0.21293403484028423
ck_de39c1947fb675ee,0.23090988779496405
ck_c021495606b4735e,0.02520373083669891
ck_1fc03ba33edd9e67,0.15512394161742973
ck_a6fe344bbf67f14b,0.03712344476728179
ck_963762210edc5694,0.13811422497064854
ck_d064428b7e7dc409,0.024130330001355782
ck_59be61b53d971611,0.04134019386375933
ck_ec8738ec663cd2eb,0.08813041892086156
ck_59d086fab5998646,0.052509519279834105
ck_bd32dd3b2cbb7888,0.9827285167992691
ck_ce0166addb93bbad,0.024446294782577864
ck_7c0fdfbb447cdc04,0.04037242189069183
ck_cb1bd7635968ed8c,0.44635672912679386
ck_66f94903177f20eb,0.06019244741480051
ck_1d7cd5dcbcdafd7b,0.8581369829821978
ck_5e418a7c04437b4a,0.20683116340035165
ck_631ea1ae91ab333e,0.060240873403221346
ck_0a8029e79a5ae7ce,0.18487149170454778
ck_c4cca8278bdad9b9,0.009263907148096042
ck_4dec3df58077a257,0.664880932575592
ck_609c249edd88c565,0.03207181931401157
ck_02e5f9cbbbf2f078,0.15962946513696272
ck_32e486859130458f,0.8275112719340734
ck_21ed2ea6386c5a07,0.009344681253447427
ck_1242aa4496576a99,0.06242208701353212
ck_475ea9aa6d3898b7,0.2979690954917675
ck_fe1b1adae3be70a6,0.8995904942489907
ck_c5414d7a8031d4f5,0.018079735108933917
ck_ca1f6f01868e978f,0.4239094523165411
ck_5eff0208c74ec714,0.07433690769345881
ck_a315c9619a317609,0.21256301820497417
ck_2b87683c90acb852,0.2624186798309586
ck_7cd9f39c50748ed0,0.10557214629704517
ck_16a06d58d71935bc,0.5183928378923832
ck_d116e0e7c19b878e,0.806100181313964
ck_931510e384b1d0cb,0.22699653359586022
ck_e7651fb87bb24132,0.014425385689159664
ck_88ef9f85948e1a01,0.03026211611746288
ck_17bf38d51115a8f3,0.014360306342065738
ck_2659d1d3762a2825,0.051016208911301854
ck_a7285955e2852686,0.04337805944958669
ck_f2c33d5b65b321db,0.13480550320055323
ck_83e5979334345622,0.06816902979542208
ck_629537d8b4d0f395,0.06748741797705676
ck_72022008a92c9386,0.1234833645867424
ck_2973b8274f0bf69b,0.08770507800508474
ck_565e3418d2f4061c,0.026007992391023436
ck_54bb53b8f8ea32ae,0.9662435326355066
ck_af0a6540ea7a36b2,0.03810278425509836
ck_888651bfc2c8cf70,0.03120291410457616
ck_1dedcb48ac381a1c,0.5802089317876999
ck_f73273e220296be8,0.0983059184449039
ck_8424bf65223a5a9e,0.04141802748697588
ck_337b930fd149a696,0.07108563702177985
ck_8a4952de8a123ef8,0.030360395138730914
ck_884168153c9c0c81,0.012666694924615083
ck_fdda581aec411010,0.024148176963062068
ck_2b7cadbc8b180d32,0.9092853354901494
ck_8aa8b9968233a1ab,0.02565986972435254
ck_0af18b3ce015d294,0.018097500568741685
ck_8dde670a735d1e90,0.4959848075443886
ck_62f46226f244139f,0.13005567331681867
ck_f948e8a8fdd79b4e,0.08796310892261903
ck_fa00aa0f3e859904,0.13731342187223297
ck_fc7935f784a4f249,0.03470746950429289
ck_e7501307c0698e5b,0.07449048336060078
ck_549ed417f2834cee,0.25890005025713464
ck_fb2a35571ec719d4,0.2049808347004421
ck_25822068c86c856f,0.013240163381591754
ck_8f35d229b62c8f23,0.034569104005179915
ck_bdcf049c1e7d0c95,0.06497121688490333
ck_0aa9db36eb16422a,0.010756868898113565
ck_42dcf92e9e016922,0.09230066667802922
ck_42341cf31c08c981,0.020264831597548622
ck_0b20bfc515ba42a2,0.042476243429193455
ck_0ec820b670d48098,0.014491725155137152
ck_1f0bafec397da8e4,0.08696013050522604
ck_82f07504ab59ed33,0.4796645890850163
ck_337b24a474010abb,0.983588065188749
ck_703703bda38fdcf8,0.06662206157742134
ck_01e7960c63dca3a4,0.9535066230711664
ck_be5bd81e3715cb8f,0.857352362776229
ck_197f8058cea1fbea,0.011438672051018263
ck_eb3fb1106f2f1b21,0.1527685689082109
ck_658b4b54be09a4bc,0.975535032891669
ck_266ce7ccf41ccc50,0.08709976739951583
ck_110608c3b03d4038,0.7402879592334863
ck_1be8cb95d6d9bbf8,0.02967373163893476
ck_8e16a64a776afa82,0.16834731162401925
ck_34bd190d37eda534,0.1609205190457526
ck_4f521611ae14ae66,0.03320933275608578
ck_d839798f9520363e,0.5461223115886563
ck_d1bbfd246c0ac9d5,0.07803542513305949
ck_f19030e6e85a6776,0.3163233471039179
ck_cdabe60ab59f9d5a,0.03773069133866704
ck_bb84b2b30293f566,0.6349869208155166
ck_427b91925952cb40,0.12629395265628435
ck_1078b1e155b5b640,0.025250627658156548
ck_95fdc264eac72fa0,0.01945331433961405
ck_e35eb857c61548b2,0.5893522067251126
ck_69bd0b1abea7e1f0,0.4053992417399173
ck_59de511b20c842ba,0.13094819277162295
ck_168e7ea341a36b80,0.020006476738377313
ck_4937cfa6526ea138,0.08843560793050827
ck_bb1a981306b750ac,0.3355818258028394
ck_f42a43e4c3f34ccd,0.027246366507436632
ck_c7ae1d4b3ab38185,0.03257005661760551
ck_bd23cf9bba1dd33f,0.19227725854031255
ck_0fd826fad7ec7cd6,0.11557166300129883
ck_f143641bf3dd0414,0.3300984196493592
ck_ad6d48c20a3688a7,0.016778874807190425
ck_7bda5b5b927b2905,0.6508896824448475
ck_a337eb38eefdcc88,0.26246508956112446
ck_403da2a2d800df9f,0.27952006636172244
ck_aa01d5aafde73d0a,0.036687776314672925
ck_494954023f0eb309,0.22908954723249086
ck_1c6820fc38135ad9,0.20213998677260755
ck_0e0bab173622db9b,0.4560414975490535
ck_547090bf35a3b243,0.02815207825145525
ck_d69455220b21dc9b,0.030281162656303397
ck_90b4ac695b9c6bf7,0.021136263065590206
ck_8d2afe17c0082e6a,0.11092905665144216
ck_926b81c0ba528eee,0.046018067880645
ck_ce36b0c287bd198e,0.17678740273931973
ck_8026e017909aaa6c,0.025892714437949754
ck_dfba788f35d4c372,0.02725285656540753
ck_f09f9d0e0886e0c6,0.05528505587546804
ck_4ffe0366df388604,0.08151306835974426
ck_75bb521de55644c7,0.1884299987618988
ck_81a960fddf79ecf1,0.9546835020952851
ck_8f43459991ea511f,0.018193972058653363
ck_f878b68d66fbfd4b,0.019133293365861156
ck_e84abfc0c747c9dd,0.9399028317678114
ck_3ad3fd3cceb56b66,0.9729924913403237
ck_7cf562578c7f158a,0.04959757418186971
ck_f81a97d350397306,0.08266729244867878
ck_255d87b7fb40caa5,0.05156223944484467
ck_b3905153b9eee924,0.13675721229629018
ck_2c80a592fb4cd6a3,0.02128402297563893
ck_57deb202d4188a29,0.09669387443322658
ck_e3cb5f31d8e94448,0.9520510293560063
ck_0db62d5f7f75f80f,0.19341419496775333
ck_ced9163ea85589ea,0.08178831238001841
ck_e16528edc694fb33,0.9351074093702821
ck_78cc5ec4940fec3b,0.047400341045675025
ck_31742076e9a998f8,0.1158529297347739
ck_5ac335f02280271e,0.06087179015292436
ck_7cc2e091806cfa5b,0.08650066719614166
ck_3152c7115257f084,0.03658412273360635
ck_ab1b9d019921bca7,0.14633729896285036
ck_c33a762d98f9b290,0.03109527150649606
ck_b16a7c51b6f7a6b1,0.10681125409461673
ck_97402a153348e68f,0.07684417102159675
ck_95391029a21caa24,0.1093397095853343
ck_c2015a1200971fe9,0.04925981490581095
ck_ed4427962c68918c,0.9711398885098803
ck_c5e4a17d3efb19a4,0.6520002548427383
ck_8aec3d3dd51517c2,0.015526639016299606
ck_f5178a658225d8e4,0.023317585201713287
ck_8594f165e95316d2,0.01500738560839768
ck_f0c4aac04076a6dc,0.1236523572163463
ck_ac2f7397801036ef,0.08819541217721957
ck_d1ea4bcc407c7d5e,0.04145091606650039
ck_cce8b6657a538fe0,0.06898363305406073
ck_66d0c6d6b67a8d58,0.03090458944265041
ck_1a6b30320835e57e,0.16143998529592796
ck_8cd274cc85aa35d1,0.21169597234305843
ck_ada46085a78280e4,0.03280728791894243
ck_ce1b06623e4a815e,0.018435353365007533
ck_45e70c8a9686580c,0.20296709066972413
ck_0084d8ab6b1044f3,0.06056662099793368
ck_a5f7b6fed6df2aba,0.27331322799023233
ck_94940d783e7988e6,0.04796603528984719
ck_00f9ca84d1d8ae7a,0.013829708555782522
ck_0deb56f3f6452818,0.027766590324734816
ck_a58e900469dfc3f0,0.12445343330714567
ck_028c41b195280980,0.06844994993682908
ck_7661d7ceaeb19f97,0.16564086978960407
ck_6957905a65c47879,0.06411478771855761
ck_f7c6c26ef3c4ae06,0.12796836955952678
ck_8777beb11aabd66d,0.02974337005318806
ck_7db098a17374bbf8,0.9488074410005802
ck_66aeb00e44486cda,0.392747209679313
ck_838c52cc1d315ec3,0.27083263656244755
ck_1745847cd4e5dc83,0.0520032096185726
ck_201687857ec8b3cc,0.09857156010380272
ck_81818169208a8cda,0.12105494342136006
ck_3303fd3f64632c7c,0.509315914732064
ck_edf1096809e83ef8,0.020314592995382408
ck_235ce9603c7dccbf,0.21351618483647553
ck_9df7e153868bca13,0.028184261172117166
ck_3cfeade2cf270fee,0.15852296645323163
ck_982b0bf2e2b6c4f7,0.031817366472994324
ck_faeb0da678bb86c0,0.1121263972044024
ck_e86ad2fe815b6ed9,0.05588443413634615
ck_70d69e5d1bb99e85,0.10354431238960021
ck_7e9a8924eab779e6,0.965912145662745
ck_019d5891103e7da3,0.03987636410940159
ck_14f0484b3817eda5,0.1548334118481761
ck_85de63d278f0fbae,0.01670107808911572
ck_ae91b4cff57fb3bf,0.049476135100539796
ck_2a6d43b9f883b78e,0.8735749843815497
ck_7a4e3d553e8ab5b7,0.4408971750199565
ck_fdf89dc69f700f84,0.5171292952520794
ck_f92e04024bf13558,0.014259871379778667
ck_4a522ca2dc4831a0,0.01715548631938165
ck_68ba25dc3385fea1,0.07483033344691661
ck_22128a4f0d033422,0.035457449502995717
ck_5b52ee0a13c71590,0.03132427570707786
ck_59472d17debedafc,0.04442653199898113
ck_9dde2c63acda3ba3,0.05841133101413599
ck_7510b1023cd08531,0.021938405064465993
ck_071ddaaf2e4e3671,0.0371134957668627
ck_1355db6f4010232a,0.0350887622269075
ck_0a7adc2f27f98510,0.24418359200090656
ck_68250033717cd59e,0.03026538486566942
ck_7c12de74de30b788,0.6785266766661143
ck_65491367584c730c,0.10904743342427717
ck_e9047964952bee70,0.1859367545867282
ck_5567779d6ba184eb,0.037585633889130256
ck_d6ea026357ec6477,0.042133397305655705
ck_cd7dcc884e283746,0.12705917533703492
ck_0bd77fea8ed75a15,0.17881105368031533
ck_e80883208e8d0453,0.0819706454046723
ck_2ad0ecbacd5acf8e,0.9489540241053961
ck_6c1dbee7e8fdd5c8,0.10034401209830529
ck_ee4d9a7449515908,0.016628506948398413
ck_636111f7f030496c,0.01259892402172468
ck_2c629c657f73941f,0.07554539338415862
ck_c1c9d3842d758420,0.1637156475126885
ck_e4df7faacdfe8c40,0.08255164686833552
ck_94e8142728e44380,0.1096511404336301
ck_765aaf42c5088545,0.171590868917675
ck_e0f845159b6e6a4a,0.04972098256011968
ck_5bc07deb82edbad7,0.026706039506060403
ck_713159c5c6a7a4d0,0.9836605830502321
ck_b08afc91d9ca55db,0.1004350118875614
ck_a7bc323ffed2ea97,0.7911806692218397
ck_85ca825f905a34a1,0.08126529146507394
ck_33160c443d4b3f19,0.027354145099809372
ck_832d39c590a3ca75,0.9318969875186157
ck_7d1661a34164406e,0.9439248158829796
ck_c2466fc40fc9d5ed,0.9827939918996446
ck_ed0e776c0926ce67,0.3318049624674029
ck_cdd2ebeec75bfa69,0.6139943420301104
ck_d7877684c7923ec3,0.048020550581781174
ck_7384d4d2406aabf4,0.09015239976475158
ck_b8e5244e650aa81b,0.08679298092039364
ck_25a1ea40b2d59254,0.025686149330407925
ck_b9e5b318ee4de68d,0.06459537631964507
ck_620d7ae27af83cea,0.1036788352177324
ck_40b4e264d1a12b83,0.7557712330321883
ck_b694c803b62862b3,0.051077462271237675
ck_cbeca201dbade3e5,0.11736317059072388
ck_f9b439c9161c3e52,0.03452681555718271
ck_9880410fcd10a28e,0.02853933260239732
ck_74928f5f91aa12b2,0.21065632132357337
ck_b6673bbe61d2680d,0.06651473360474311
ck_53c8315b5c30acb4,0.038892789518762405
ck_78f01d78ea79642f,0.09076450969020913
ck_8582490d6e365a63,0.11627948066134712
ck_af25c72d16299258,0.04110050341165498
ck_7905fe8e257b0449,0.44818417583420833
ck_0d16d9349e4a9e08,0.12561265278464595
ck_31b16b8848584e98,0.04725994998157612
ck_67207e3eecc02d76,0.18423861253743973
ck_e6b95ff91116a592,0.04031684719986309
ck_c08f622bcd6de6e7,0.0877850340335103
ck_f9a68da9e0f0bc85,0.034946075957043146
ck_4072b59388976896,0.029165087414548
ck_8ec86e853ad52828,0.3801702363584828
ck_4fecb87eaffd5cb5,0.03388304222948682
ck_d6880578428b965e,0.434256584517751
ck_bfc82b3c1c9f2897,0.9090760892827754
ck_c340644176ca03e7,0.08129854742397874
ck_321e740066fb05c3,0.8006253972409512
ck_8929d2eb09872052,0.36366182520460527
ck_205c107cec528414,0.5904358711992779
ck_e76db7d2562f9836,0.07198375002350882
ck_9ede51c8434cff6e,0.15087362677903943
ck_492e4b89c61b7b6c,0.04867277806917927
ck_9385f5a1eeebefcd,0.12811818613105083
ck_ee52c7bf88f952ab,0.07078333349298259
ck_d8116c34302021d7,0.013902478679638912
ck_01645ea51972e99a,0.1015378152045546
ck_7b45ed23304a854b,0.03364001304140687
ck_2096d32f3d497ea1,0.646291568847678
ck_dfbb2056f1ef7d3b,0.03392538135090264
ck_938ce30c864bc7df,0.03316518560058883
ck_ff30dda2c881a4bd,0.5931849781151577
ck_f88c79186a082beb,0.06313633240040285
ck_08c7bb0f9851cb76,0.35731486610839475
ck_2675e7a008e584a7,0.28003239565446014
ck_cbaf8a954281d4e3,0.9776475607041231
ck_8b24eadf6c72b30c,0.9320841822477883
ck_ffc8e3c1377d0706,0.03403217312567674
ck_5b59e859bed5b40e,0.14392560849102307
ck_7b61717f172f9317,0.9246214942879711
ck_e5c30947b732f661,0.40151961257742885
ck_bc273f3ce79f7e1a,0.039935199222451714
ck_f69e93388b3028cb,0.7686755042423362
ck_3837ad850996ba60,0.07196541409364658
ck_36d78ff3bc033ee5,0.0939032250536928
ck_5e20953547ba4135,0.6155463827920729
ck_258d661e450ac870,0.033881866376020114
ck_1df66f537496ca59,0.26860167678405683
ck_361f535599110201,0.07766295076612104
ck_337e98c69f6e7886,0.03016777304841887
ck_d3d5b2717cfc3913,0.1329297671050733
ck_b1dba768dbe7affe,0.07265977953926255
ck_92d782bd9ce0d1e3,0.13241347088741665
ck_26bd0f8898afc8ba,0.01543115662659843
ck_7916e53daab36745,0.28328783017786585
ck_2caf553b31831a50,0.07557517109294297
ck_c6200734c7f9b2f9,0.9006264196611659
ck_cdc55623cb16e6a9,0.03350757772442986
ck_57849e15b61c43b4,0.03195087508263921
ck_b7af9b2ee0eebbc6,0.12644562093769826
ck_00aa5fc3b3bc66aa,0.3956760621691952
ck_9929723f65636c7f,0.9523315284272724
ck_8f6cce9f69912983,0.052584744329439236
ck_c422ba389ff00781,0.015288952217478495
ck_9ec7f334604a228f,0.09232847398917901
ck_5d01200ba3341462,0.03113219442021417
ck_2bf10be403849c9a,0.07086400818988467
ck_6ca018259f70858f,0.09854575864071909
ck_a54dc042ebb7c766,0.39601914201856364
ck_79da63fc100830b5,0.1403594562087879
ck_67ab6f9e05c85085,0.05606809476314437
ck_fa80da579ea9afc0,0.03857941241596434
ck_4339f86c87289222,0.8078844789178844
ck_a2299b4f530be0d6,0.7814004821480731
ck_19db0bf788697c2b,0.05486919161820629
ck_fa4211c4d826d830,0.015319621793593299
ck_96100d5e8e051e91,0.05244020483170101
ck_5c3a671883d58b3f,0.012750520861055603
ck_2d9524787cfe1ab3,0.6691914950812468
ck_47ab8e51e5b3a2d8,0.01491558707599524
ck_c924f36bc1bbbaa3,0.058319983528290216
ck_5c58e7f8fd55e26c,0.02514208447207365
ck_a07e7409d6d5aa06,0.06927544388520315
ck_c8413898f5f7cb7d,0.15018770786984267
ck_577c816b41cab002,0.8889846439962686
ck_9f7807ed64cdb728,0.4874407024373171
ck_495d814d6d6d521e,0.011891982856032896
ck_7aa8bc018c2b003b,0.022084978664040765
ck_7c3a6a82f3c3241d,0.029134101984652057
ck_487f7fbc290e4ae2,0.08240343355877448
ck_e556c4d36aadbe03,0.01601244499169498
ck_7e6569a1b2455cb0,0.011990247095061593
ck_de2924955926d046,0.0971262753562395
ck_73d60b4630e3937a,0.024989758963835814
ck_805ee564bd35ef15,0.09975796478230689
ck_0d40961e47797027,0.016586224145044817
ck_f06d00a4f9c87d80,0.021640465404074834
ck_5ef50fb07b6737d5,0.03401973418326857
ck_16541fc15683e21c,0.027480466432205194
ck_09fd43f1b7e2eca2,0.019623376994390897
ck_2a2c336a69b8d68d,0.040252980429113905
ck_2685f38930866af0,0.1805249351021376
ck_298278a9da874437,0.0526739148054256
ck_00bd7803f2530c68,0.11250525268664369
ck_c2b4a1d8c0b6c1cd,0.018522960998365284
ck_2acb54ca20c3af6c,0.29055635530098484
ck_e3d4b6f681c783ab,0.21002311012906416
ck_f90293f1eba5d7b6,0.24793540642010445
ck_e69d27e8965df0be,0.015422295128097245
ck_b7f5d10b427346ad,0.03519879713376517
ck_1ce20e4223a936b1,0.04752592040265025
ck_6b97d1ab90f6bdeb,0.2484261768707861
ck_e30e17db5473c7b2,0.02561333275506129
ck_154c8efb19dee665,0.03338014867821132
ck_6f5bb0c930644cae,0.9859503365183416
ck_9e17699baa83d173,0.02273159541952804
ck_9693b1eb70880205,0.038976407964626404
ck_1e97899875bb427b,0.03786237986950974
ck_558a82590f65df69,0.01856771712163273
ck_18df83242ff3cdbb,0.3854125039243647
ck_80ad4396e1084c68,0.19723142340721436
ck_0a993bc947bab61f,0.10864296751489069
ck_5c2d43ff841632f9,0.04383476049366676
ck_6e4b99fb9725d9fa,0.042227897891198796
ck_e0983999ca26c19e,0.41754784967025704
ck_6573c4947cc8607e,0.11298946360029515
ck_d879d645d6e44207,0.08653594774642866
ck_1375ad9f10688e4a,0.03110516821136177
ck_7501ebbf4e21f160,0.05997417262706409
ck_ca60d61cd4dc3bea,0.009931654517090743
ck_ab9ea095a5c58b4b,0.0497521496293695
ck_23756522b58df5d8,0.02654360648055166
ck_90bc176c43d85fd5,0.7196674415280141
ck_908b663b2dda94ad,0.037734887936422816
ck_4df2fb8e4b649e27,0.020592101581817478
ck_5615c6bbdef05291,0.4557710780303609
ck_b62f3e3185251f71,0.02270069409411375
ck_38d1a22850178f33,0.016462576826708604
ck_5b3ba20c8bb1383b,0.07973045395040271
ck_5576ffc6aaf6f22c,0.012918499089706204
ck_cf7a022178165e56,0.033379925404810766
ck_f2c7a4c50e2ede96,0.08461127013349243
ck_285719c77eadf915,0.019575869677915532
ck_f2aa1b677619ab19,0.034691894904076016
ck_3830c58d841e9e69,0.7730767025495917
ck_32eba3510c8eac5e,0.09587449481492032
ck_8955d7b9030d5eb5,0.02335836309741117
ck_6775e387dace7525,0.27366547217783
ck_0a0cd7f4be606a93,0.26752049490011476
ck_a9f700eee5d638df,0.03198755792821599
ck_3d7db96995745472,0.14671294153100956
ck_aeed557007d52e9c,0.015564560399673999
ck_79b6a86830156b5a,0.03287046238054075
ck_6a1ff9d69466181c,0.9824613659521538
ck_f11b1565f986f5e3,0.1678326307730916
ck_4819327a78615485,0.017718918031746026
ck_3ed9e081959b2f5c,0.044323975978020534
ck_16af4be191c47d3d,0.016393017075001487
ck_25122cc0e8b1a662,0.1859012846568
ck_509c22828d467ba3,0.26717237820730616
ck_31109c899336348d,0.02196354062964808
ck_c51131e53baa59c7,0.020737607974316667
ck_cf8ecabbc61d3e11,0.037483853214734686
ck_eb6baff0f85ba936,0.16263943205518572
ck_777669e2243204f2,0.8605389924643649
ck_ac0ea27e692acdc9,0.08932661337234386
ck_4c6ea04ce8ca9e2c,0.03804961750472484
ck_ca54b32fca7e94cd,0.017987944262396287
ck_4dfd8947f540eb24,0.04598344547495596
ck_95aff1fe27fb24bb,0.29452369956816254
ck_c7550723b90e5615,0.03987488499380105
ck_57b3fee69bdf85e8,0.01480243716334437
ck_f823407ace7ff064,0.20895861597139656
ck_a69084a068bcc8aa,0.39108075398893166
ck_c7b17f7b24bef5d7,0.08941680626821669
ck_7c4e588f927c27c8,0.07808378882699003
ck_77fdac602d0c6f95,0.1683222287009037
ck_e963d8525018d072,0.04739013883764908
ck_6e8ebaea8f7bffaf,0.01188698181606824
ck_aa42976a31cb7770,0.06674665965878877
ck_22c862a496008c96,0.9849863571721814
ck_527550dd15f38782,0.10173868890391236
ck_b3ab3c210e2c7c19,0.14607909400417357
ck_ed9c56fdb9f45ddc,0.7693213182159179
ck_b53281da70defcfa,0.07462770470783266
ck_03009b721568ee98,0.2659400333379786
ck_3d9afd862b3f4053,0.4886547241153038
ck_ad3c4be96599554a,0.06009066812258213
ck_d1c787c27d50af49,0.0832587052091583
ck_c7a9c7b2eef46a99,0.04054231250687857
ck_53036d3c6c74446c,0.6813994631550039
ck_1b1efbd9c0964c8d,0.054710774861797616
ck_d66f42a269d5c1ed,0.296490861185176
ck_fefc49a2b8ad993e,0.060404095831476635
ck_8b3b874249adece9,0.14905067283254622
ck_193d9c87ad3f1dad,0.02707306681095992
ck_0c6a50d747593b7b,0.08441092165518878
ck_c830f3830875b47a,0.07684267346675622
ck_79e202f06d8dfe42,0.058813924297717694
ck_5c0fe988b8aa7fcb,0.5069221060297703
ck_a8382d8345f21e1e,0.024720022697497308
ck_8cb20053914692d0,0.35354861063555343
ck_1da2f69023ca4c13,0.017456001639802297
ck_38abb60995114f8f,0.12476504287100534
ck_f5791fd8fd8fd191,0.17503439871697074
ck_a4e6fc391b674335,0.7310225524209484
ck_bd771efb4a7e15d0,0.020312249128773684
ck_38ba4a6b6a292054,0.052279727888377946
ck_f7a07283345a0dce,0.0323562320070001
ck_87dc484baaf5a23a,0.02076788127950027
ck_c84ef83489badbfd,0.15350258178130918
ck_a397cd64ec5d644b,0.028666861822796142
ck_7977135c2ff61e92,0.0753370525507843
ck_52174855b243a8b0,0.21804049073536785
ck_0f35e930d0614613,0.9358907521529203
ck_b170a7db522a0d6f,0.05903366539038011
ck_7af748a23775bd54,0.20129133338170715
ck_52f641c9ee6fda70,0.02123686049347405
ck_c3719a30414bbb4d,0.057962062097672365
ck_2baf214ad6bc0dbf,0.18121222212793775
ck_8b39d8aacfdd72b4,0.026208044440335036
ck_d39b0152116203be,0.09831083178016485
ck_ed33f8a937f9c7c8,0.06290073327650442
ck_8ef97b55a5fd6ec9,0.018020763844239205
ck_8247f008a14bd1a2,0.02731747233329809
ck_f0d349d68249d5db,0.012689855695412255
ck_a544e766540861fc,0.09415540879026708
ck_9dfaca4c7c80b10d,0.45114850568933107
ck_7e5401c362b2216a,0.01346402685901156
ck_64ff60c073fdb6db,0.06845042684230809
ck_fc5ea49518e5d637,0.03620147886481767
ck_580f136ced341298,0.01947593844951262
ck_9cbef9bc95449dca,0.048537921977357554
ck_e475a3b8ba870a7e,0.05797472812071958
ck_97e94708bcf43563,0.10865457297773663
ck_13f03ec785cbdae1,0.01500011985112747
ck_152820d8817f478c,0.11579035385354773
ck_d20d4ba60eec9945,0.1129361919455997
ck_5c45968a805132e0,0.08452023214740655
ck_bebea2cf3063fb24,0.12672804345319394
ck_c3c69aefe7ea1d2f,0.11475632725083065
ck_02028b72f26fe855,0.06164816384204658
ck_dfadff70a58a9133,0.020211273874679934
ck_6482ed4491bedcaf,0.03148851749835463
ck_754cd7b4a5ae3f94,0.12722967025347282
ck_3132857aec8485bc,0.012632461453793646
ck_7ce4ca91b8f9f1c1,0.09433027220229397
ck_41938582f4351772,0.03509774278325218
ck_f87d66946252476c,0.5422478086674257
ck_8053f1879a9b4e43,0.013465060686954827
ck_93892e91387f5103,0.21323951665930954
ck_15254db133b28371,0.0469790260381623
ck_d557b9feb241b3ec,0.01494527880493699
ck_71c3a8e4c12c989f,0.04396821938713149
ck_80e3041811033443,0.13140414367963876
ck_3380d60067b4634b,0.015989232224577363
ck_a9c2cdc758df8510,0.15191227145812256
ck_3c0031d7514da17b,0.05075087488967531
ck_18d214b1418be39d,0.018286113595546567
ck_7ce768407fd48321,0.06482800672732048
ck_7a50abd42298133b,0.08647108673665142
ck_2db10f987d137582,0.11684725721377619
ck_e077d004cd1d80ae,0.08040106236395214
ck_1cb6dc67f9a321b5,0.19900430902102562
ck_b864f64101149c35,0.4237931468910262
ck_9bedf54df9418e4a,0.03241726171798113
ck_c47e32c47f0e6578,0.6135759368316878
ck_71f382d5e338daa3,0.018207840813143566
ck_14b4bf7be6ac2b61,0.1549749917099755
ck_5c87eea1cc07cc92,0.24646422422828862
ck_5f445182829ef342,0.07587855661237662
ck_a5d7311291caaa54,0.027637155487586086
ck_b7df99aecef385e6,0.08455420753860704
ck_3327a0582407068b,0.21363787978247523
ck_08dba09fd7dab896,0.24301221920767918
ck_f4ec334be5266378,0.02829765454840271
ck_240f7f894c5a86e7,0.01851314886169727
ck_a9d994554fc14a02,0.011579070510798558
ck_13648cbd306eee6d,0.07415499356399038
ck_601edf9105b3c321,0.9799486547380268
ck_9527adac182abe57,0.7849483932594985
ck_4e0e80f5cc271bf7,0.01803113665820427
ck_96a89e720176b389,0.10960294487549097
ck_63560eec94b76d2f,0.10058319738738679
ck_c9c99e5b19aeced8,0.014062577584871961
ck_bc32655ee5ed643e,0.11607549408388704
ck_edccb5a93b741744,0.054592819236709854
ck_f786cbc987b70930,0.020712230592753747
ck_0e8f26536ccc8947,0.12868605747406664
ck_b87ef4b98cfcec4c,0.12492318592779342
ck_1a9235812de4b2c1,0.0840803490390476
ck_d1ed88ea4211ba4d,0.014522289316203595
ck_a4ddac49657a4450,0.05067772571484735
ck_d9ffca35188e49d8,0.16827422925499189
ck_3db73bbe03c3d240,0.019420310000243208
ck_fffa0622344a36ab,0.013653504111385172
ck_148c28df51bba5e9,0.9246162836610855
ck_076cbc25c8f15fc3,0.9679694190460831
ck_e5ca550b39ed45bf,0.6971710992200272
ck_8dacf3a2061ca17d,0.11037368523901206
ck_2d7394afd61643d0,0.05063409301370652
ck_e42206e91f6a1752,0.059071326140893166
ck_2f4f94827984c426,0.014706507797479285
ck_edfe8e90e8f4366e,0.02436846927336445
ck_646b15f753e5e9c6,0.12809499079137152
ck_66600620149c8799,0.015720052338325866
ck_4ff6fc70bccfba96,0.8983672294853849
ck_41af3729590c2484,0.08361894739372923
ck_920a48ba8c583e96,0.041906225721175624
ck_0253b3e7be021306,0.012927679705497543
ck_2ae6949246ea2648,0.052664180754343266
ck_db23a5100f338d72,0.03712366858206415
ck_fcb2a559474c3493,0.11285416385254735
ck_0a4d7acd2a53cbbd,0.03377112295493126
ck_c5d62b2b7a6f3bac,0.940028214705945
ck_cf59f4fc0ea690b2,0.06230580773757794
ck_837be8126bb19250,0.014203753090116964
ck_58955542edee1adc,0.0226730382490676
ck_1b93381d8eea58d1,0.04545057950381594
ck_97b8e05d62abdc14,0.11506621096002052
ck_71a0d645744302a3,0.047466188729289704
ck_a7b57882ab66b111,0.02636736911581049
ck_65f76421be648549,0.11073187125033154
ck_b53ea8713d32ca7c,0.08659667201094184
ck_991c4c924a1d85ff,0.7003942862517315
ck_8432ccec1a4ec7fd,0.9392777358743668
ck_64c1633297f43788,0.11377726479356842
ck_4291fd9c1161d8e1,0.17734358263173317
ck_5e98ed6391d9f429,0.18882986691190495
ck_c7baebe4549fdbb4,0.2187074525473515
ck_6e67225ba59fa5ae,0.31080441562482386
ck_719602def4d35fe0,0.0586069173852957
ck_bdee7c86f5ebe81f,0.18729272595404683
ck_8de38f8c7f91961f,0.06367623469067561
ck_b0b5bf9254700402,0.024933955059508125
ck_7b55d9bb1a250d4f,0.536469844438352
ck_3954b7b0fd1d6614,0.01122581936922241
ck_f29471fe7c818d6a,0.041383000584807546
ck_9e65a8a2f587691a,0.04385250521103378
ck_eaec5f1a83b66eb0,0.6663802130928729
ck_004fe0daecbe2c1a,0.03558856715105292
ck_d17653a4a2d4a79e,0.12020390349595979
ck_0dd417fcbf19e424,0.02683095365895525
ck_4c99a6eadea143e2,0.2592784039475986
ck_74d602c907ee9119,0.012401032492055297
ck_1aa87cb62acc0ac6,0.08788962772975135
ck_094974d75e29fb2f,0.48137743700057295
ck_5ef935ac3d4d3332,0.0644484787579841
ck_b26e4ae47c9107ed,0.4729067151609803
ck_396cea6f95186ad2,0.08869564276070363
ck_48446a9e8184c7d4,0.019052843246638567
ck_31e1ede23247d56b,0.21281009576516294
ck_7afefa349b960a3e,0.04964827610857428
ck_f5e02a3432571b20,0.15125964121642083
ck_64eefec062592c43,0.05138526285323431
ck_a1201284122c141f,0.03928924815910732
ck_1b34c420a4c85a95,0.08256257530048286
ck_d637a011332ba67a,0.053450730381430604
ck_99c0004d8b7079f8,0.04044747264184409
ck_948517bad569b40f,0.49615762748338177
ck_a28d6b1601b472a6,0.11406725076212515
ck_a0b4209feb31f5c0,0.9809566139678626
ck_d6d2c1f6dfc455b6,0.49314843842106804
ck_3f9e6d356d3dd3cf,0.017652759109142806
ck_d08e00c842b75176,0.06588722021423139
ck_bfdd232a7c5f2660,0.1197979226331392
ck_2cdad03ed069438c,0.09766307456227744
ck_42317c3eabd0a285,0.5375265835429016
ck_3eb73e56751c704d,0.08309654308952646
ck_ef33c04f4c9e3758,0.1197823672463969
ck_1dc23dc870f1773d,0.14504672457305898
ck_76091f357974a152,0.1554854828610717
ck_4d9eb75e8eee90fd,0.5615351692283078
ck_578f67e69e5d2cfd,0.021147381396743492
ck_3a8ce1cc724229b8,0.017275233168332654
ck_a96887f841e80fc1,0.13855549262579628
ck_d2d4a8f4a9f2c33f,0.014449889169931104
ck_11f85bc705dbe036,0.052587580210123226
ck_7429b3f87528e335,0.021815023592390678
ck_26df74feac7ec51d,0.09726873469219918
ck_c78b2638fadd91ab,0.15022416221697607
ck_7eaad325abe3b50c,0.033947282476243984
ck_fd44e34af620e606,0.11258958708924659
ck_f99738dff854e25f,0.011781197870301092
ck_1ffbce3a239bb264,0.02120690961246003
ck_96c7d52ba0a766ef,0.288614090759063
ck_cb1c00c300af3f9e,0.017498526554932208
ck_ec3d12848ced99f2,0.07261646571196842
ck_26cfd7c3c6c7bf69,0.1464492791043605
ck_7ae86b5a885affc3,0.39992583023992073
ck_3edaa94d28cd48ea,0.06128896259027005
ck_3209c530c9812e39,0.03164466940991768
ck_ea62ebfc1f04b49a,0.03912963528065663
ck_5fc90b4668ea81bf,0.1351714148825419
ck_95654593cdebd141,0.02184079099275129
ck_958c0bd61820147f,0.05988155079169102
ck_8440ef1386c07194,0.03126109317962528
ck_8cd1b68dd74b1375,0.6867743416276625
ck_c9eb4df91ff07f2c,0.18923431089634435
ck_c29489366c01fe65,0.9746101169828002
ck_c965fd6bec0f0ecd,0.13549933492444327
ck_84c402b23766e1f2,0.1271948983242401
ck_181f3dae03b87136,0.08676957186227233
ck_022a8ae79eb28cf6,0.9703981694409684
ck_469c17407d17b706,0.03618345692750253
ck_1fcc5843f39148a9,0.034451589546702736
ck_5debd55f361b2ddf,0.05693388158086496
ck_28cb9b03e89263f1,0.02597895538256277
ck_f067470743d3c7a2,0.218015583330813
ck_d5d225ce41a1a762,0.10913905873750569
ck_15b4840922195ffd,0.02998899768700046
ck_6bcfa37c717f19f1,0.13087357668221875
ck_8d501a0386c66be8,0.6678884778083163
ck_1a9d6190c57ea7e2,0.9198808760119563
ck_c49832eabdac5bb7,0.031565501223050296
ck_b4331140b2e0d4aa,0.027514538819890813
ck_5efbea1befdefe1b,0.6822008196487348
ck_72ff52c4824072ce,0.1231320618677212
ck_ec3715add8bbb6e9,0.014539141710526973
ck_9822f8ed05335741,0.23687002447373967
ck_c3d7d3d12a1981a3,0.01653819950317259
ck_a115a7919ac5875a,0.28484362831694915
ck_4dd4ed23e0b927b7,0.7971147030263335
ck_4c76efcc1ee6762d,0.09156368511636143
ck_3ad6e7bf452c9b21,0.09576030822353163
ck_dcbab304b55a42c7,0.10926528653910864
ck_24b53090faf722cf,0.050857229712957516
ck_187317383400491d,0.06576788621568687
ck_e07fd57565c94c28,0.15802991050478948
ck_740e760fdcd27835,0.017838147554746133
ck_d3796aebda1cfed5,0.9542008659907866
ck_e541967c681cb929,0.16048127886734892
ck_431118050b834dcb,0.021748971150257812
ck_90f3655f0c8a0074,0.012451993226794366
ck_13cd943777651aac,0.08161917464342067
ck_66accecabf3901c0,0.11828546148826702
ck_937f0da2306b2eb9,0.014323099846125762
ck_105b0c93573fd5b7,0.17638840077536838
ck_00480407160e0743,0.02709420860016715
ck_e032068be7b77d15,0.09661139111061354
ck_991b7dfd69098320,0.01583399182490909
ck_37d47cf0f34574a2,0.010890569487216577
ck_011551a596544f5d,0.022848645917772956
ck_9acd98f4fe2d474e,0.5385059155312273
ck_7c88d3d377bb61bb,0.2616568493829601
ck_e2374c7136c964fd,0.17440833385998256
ck_2fa8f2577116e9ca,0.11877810636288513
ck_d07c5b0321c685ea,0.5121053937399767
ck_bc736114a31088a7,0.055107766590890825
ck_32bb42f9bff197f8,0.05067216666883052
ck_66267bbad1f1415f,0.9626334189534317
ck_19988702ccd79201,0.14403668275776577
ck_f473a03fbcdbc4b0,0.02802070012738961
ck_e3f1d85fa5d49396,0.07215745877883809
ck_c4402ea6291df271,0.06784396268714515
ck_243bd5ca8c4ae5d0,0.06840770599884018
ck_f271e855925e8d6b,0.6869855490384099
ck_e424148c6f2223df,0.013756745217743574
ck_e4d0a9e1102a58b5,0.028516020078290016
ck_91c2a5fe69b9b1d1,0.0396573572060181
ck_5fd8924732fe403e,0.6028493228907373
ck_9a881d5433126ada,0.018480740437347265
ck_73cab88b29c7845d,0.11970956335121131
ck_5b5dea6476d4e182,0.102220454794533
ck_ccccb17d2ca6ce94,0.17758862519245408
ck_cd1dc68e441222b1,0.9510897512837398
ck_8312c49b1431a406,0.02312007499987276
ck_25fea39897f2a559,0.06876690639541017
ck_f56200205280bddf,0.29132675626191223
ck_7336611650dcc088,0.02014763785358429
ck_590716322ff147ae,0.12770275594761588
ck_c82364d87875a1a1,0.14034282212948693
ck_fa4b60387d744fc5,0.024830444737563608
ck_d841eba8906e9a15,0.04400149488895277
ck_d6df562a79b9d0d9,0.09111993250286875
ck_59a14d2564193101,0.03562913479594819
ck_8530158e3d7f59e7,0.05415795387874503
ck_ac68d707006c12a8,0.04394792680048073
ck_976fac1bb3dd8c58,0.074229439965373
ck_f854fba8f4adae3d,0.35013915381647015
ck_b98e9c3ec6e7d1e7,0.050344133024693274
ck_803c0b4cf9d4bc1d,0.0780088649642346
ck_76997a33c3ea5107,0.023397203051433717
ck_f1a9d832b700bda1,0.9725495314633092
ck_2bd96ddb8c323d63,0.9798210236743311
ck_9e5b7acf51b1b743,0.1841411091902772
ck_09169f22194fd6aa,0.3005538841399797
ck_6d69e092f9b0848b,0.08609982699817977
ck_9f83fa5a2d3b9049,0.045716166447464485
ck_57bbb19eecb4b87c,0.021762840345063615
ck_e0e9cfabb979f428,0.039338590635369805
ck_b1ff9edc51d42f97,0.021874770169729565
ck_4682fad271d47eb0,0.9522039533227299
ck_ab33fb754c818ae3,0.14985996945890714
ck_b456f62b80e21557,0.018650182206594878
ck_16340be3f2a7fffd,0.015501499490311845
ck_ce66831f6611014c,0.050818414288568065
ck_4610a073bb54d1b1,0.0619646376187024
ck_fd038a7d33a9d6e5,0.03905569346132493
ck_c8198cb4c461304f,0.192154047164183
ck_1e7de58822000dea,0.04749508378724156
ck_b2a79dd3df560f14,0.29124529748712
ck_74a06f347b32347f,0.05738582430176874
ck_c6fdb2972417c9bd,0.06376398450634575
ck_d7607a213b800bfb,0.0877646254814486
ck_df65967b8b40319c,0.014291372928020385
ck_329a73dbd585ee09,0.034351160051893925
ck_74991a9e85c3b07d,0.06173253703362209
ck_bb76609b79e0bc9f,0.0475254807773924
ck_f7fc1bd0b9ab1fa4,0.06491501655447542
ck_d111c98b36bdb791,0.033476400867280424
ck_f07e27d125497b66,0.07534428799554554
ck_093e3a7134e11d6b,0.07413607949325592
ck_862c7953bdea48b0,0.09759334144241395
ck_392cf2cdd515c34d,0.056290230131803835
ck_80eb91b0b4001084,0.36369806935264515
ck_5923f53b77193a58,0.3949216596381568
ck_8049f5fce32be185,0.945184279233655
ck_ebc5a2c6cf88e252,0.1463000449097206
ck_9ea5872f14cce338,0.16694683092941243
ck_f7fbc95ebf584379,0.1085333337858954
ck_bafe82c870356706,0.9519047730287891
ck_278b36c5932d9bff,0.04798121787661124
ck_6a892dd5d05c1649,0.06780887668344639
ck_0734fd90b2cabd43,0.100525395257403
ck_9b552204498b6762,0.09443789423807729
ck_f6c909c205767956,0.15106453997057906
ck_32f590e87bc3d715,0.018758176985013687
ck_66a8325f28be7562,0.020069471182174368
ck_b129261da9c3c3c9,0.015019039552888296
ck_a524071c51ddde20,0.1209470133392552
ck_ba576d6d4cb6130b,0.4826121444973263
ck_8d8226520722af78,0.2017932374964531
ck_c5b0f0d4f1655a20,0.18507473091224194
ck_61814ae9b6d8eab1,0.051702029927456525
ck_382ebf136f7fa337,0.43886297551009534
ck_423ff4ede6a9f066,0.04604886811123564
ck_546ad962d04b7de4,0.9634916042624583
ck_9473ea4a01c95f9a,0.3145599450416899
ck_9eb1da8cd35a50ce,0.031321377268951456
ck_de5eaa2cdbcb67ff,0.4396417664389305
ck_537cc97d0398c922,0.6613210690965147
ck_998475a2e4dfad4e,0.033737381746262805
ck_e62eb708d2688fae,0.0727092954657933
ck_ea623358f704daa7,0.2962568826538758
ck_b911a09f328dfd4b,0.023229771714400303
ck_4b3506b624e5193c,0.11007787495218424
ck_448456f96788713b,0.08321613860650906
ck_5d5ef9e75f65d076,0.10168447179784929
ck_3b74512f774a6e5a,0.0475579388824991
ck_a032e8ac1507c6df,0.8692968724230089
ck_7e2d6b22a0ae20c2,0.3194903287466066
ck_d80283209c963f11,0.05640494308411237
ck_d1157eade2ac3975,0.06809247241657038
ck_be48f583f79427f7,0.06399139296479209
ck_0027b5d4107d65d8,0.1774495614138433
ck_94fff69584dd3b2a,0.06554905687897147
ck_75fcda73f0b43557,0.10280155998445978
ck_a1c78972e4ee4082,0.0650808017773582
ck_f0982bbdbd122f91,0.024817302245417623
ck_3199b471575aeb3a,0.037718038458316144
ck_7fa947a0b1c1cf74,0.3300273845744495
ck_a60c618b7f0e4252,0.03664635157592198
ck_722ac47c8ac9b6c3,0.2476873883925492
ck_d44dc3839a195c8a,0.18487131734664403
ck_a2c3e82fab520483,0.10531261866714597
ck_6f8ae0319c07cafe,0.03238523214833139
ck_49886ff1e2c759d6,0.22684728391124254
ck_150a1108f936e6b0,0.028316190562461638
ck_e21f9f96f597695b,0.07305744934593342
ck_7297bff2b7fdcbc8,0.013628078706396773
ck_ee949c71f4f702eb,0.9498093216385511
ck_6fc37dea4b4f35c6,0.39922844711434646
ck_e76257caa98dc25d,0.9646501901305187
ck_828eef2334e17b3a,0.05229422933134905
ck_604e1b8a8c693aa7,0.026305650812329762
ck_7743c9fe037d1f9e,0.08317932707124291
ck_864a11202e19e812,0.6709172067313915
ck_4ec040b9e3785e4a,0.013830039333626637
ck_7346e4f820d9c00a,0.9204074766833543
ck_48d4d63beb26b623,0.0373525965887527
ck_c423aa6de3ed1e01,0.040508802844373186
ck_d74b2ead8aaa3f73,0.06378270205710113
ck_1dd69a11daa7bf1a,0.0989203128758885
ck_d9143e236eef177f,0.048691812234134595
ck_f790d91e5ff0eccd,0.3686533462105354
ck_69b5620e00ef5dec,0.012467058833926013
ck_cd32e58e8a1c0e85,0.06910217771066245
ck_064013b0957d87a5,0.9839975908185895
ck_a481385c2e60dc4a,0.02304308871799909
ck_d72035cb29db3aa4,0.1497452598183074
ck_3759939a0205306d,0.096298144208084
ck_f437a53fc832ec95,0.8197410603178775
ck_260ef2f3e6434819,0.1795373354306522
ck_35e411b05d22f663,0.05571737240231588
ck_8bf46e472f3e20de,0.38619850634311503
ck_d546994fc5d3e9d1,0.06121469633700186
ck_6ff0fc7487e737e7,0.7889094498275945
ck_5c67f27816ae0b6f,0.07757319610024078
ck_c5517923458106ae,0.03526292474886421
ck_d9735647a6b0b0a7,0.9191723192271467
ck_541a734fc457246f,0.3430424893657863
ck_2f6a639468f41043,0.022384036956667807
ck_bea2cf7a6b7bb900,0.02262514977689292
ck_7eebd0e6ad6c070e,0.03508565777786583
ck_b64c87d5e3b10e6a,0.9523431145805866
ck_9dd7daacb7833233,0.1678726207452503
ck_396e9ea9a6c6d7d9,0.021172048729315416
ck_1645e6cc53fa99ff,0.10463035686930643
ck_ea2a83ccb8d57490,0.013465963734171233
ck_e64f0df63e1be595,0.42032269547878676
ck_fa0b234481cb57d3,0.1231825460278225
ck_63379e3c9fe6f711,0.16869853407369653
ck_c67f7944896a0310,0.17726553044639431
ck_c10e54c9db29e6ef,0.9808021323128014
ck_7184ad7709ae4c80,0.10374826356538597
ck_f8b6069d7577fde6,0.027941473239937134
ck_18444be153bac1ca,0.9484056950915145
ck_d0982b4e0e118e4d,0.04912927343134258
ck_6faf3e6820398866,0.051132898458698665
ck_97e980463aca4644,0.01887114133153574
ck_630c835243c66b19,0.9609853824067893
ck_fe429ba3e1aa0e4f,0.09792404584201182
ck_1058129ed7b48c59,0.05191789045172329
ck_04a1a46f07885296,0.1873370885590656
ck_f01e94331067edf6,0.04459061341909902
ck_77b2fb17c29f5e72,0.07678362401686682
ck_4f0c5857da45fb28,0.549947846979434
ck_2cfb9a7775e8a5bc,0.9657140859802138
ck_6846100e43659bf3,0.037665326651738704
ck_f89719a854fe11d7,0.08311241138954688
ck_bf47375e41ca3bc0,0.012367731039716624
ck_2770b0400a7bef08,0.21545917381551838
ck_2a09d142de1c77ff,0.1976016835190039
ck_857a1f5547b9ad68,0.14177102279152423
ck_185f15b1523bbcf4,0.020703649621592327
ck_ab2aed614ec1cdf8,0.07561905854668713
ck_a9e7f3b2d5dfd97b,0.12166050770133709
ck_0eeb3d9b3e697edb,0.11171156125340555
ck_fa5830d81bc8ddc1,0.02609240280194268
ck_231ae0329ebc3220,0.03786755707109975
ck_1587763dd54688c9,0.03837344096882861
ck_9f85fea4490c00cf,0.13671633565952265
ck_a2d709e7eb91e4af,0.0532153869839535
ck_43637d28c7216453,0.030052838320749873
ck_f3ab5dd853d38252,0.14281841974251774
ck_4a1f0172d3bf4fd3,0.09573890484740556
ck_517620ca16505af0,0.07548517414773967
ck_9ae904fbef56065c,0.01895843829799819
ck_d5ef1f6e34bb35b8,0.40308858414608567
ck_ff42557857ae3aeb,0.01749905371076066
ck_ad9a18f58589faa7,0.022817069737533585
ck_df1a6edaa3e6b271,0.04124701265901256
ck_99021fe7225b5a68,0.0656988215177893
ck_99e52c3c2530b69e,0.9825456724340694
ck_3a4811dc4a1a891d,0.026137724433799716
ck_ba3a6be026c87079,0.10227124465252514
ck_da6d1e5cf6aba6fd,0.043279246380370444
ck_ddc7c1f3d45fe6e6,0.18590125027993698
ck_e1b1e7a7e4a15b3e,0.052817779221207777
ck_8288f7f226e08b89,0.04436717167906543
ck_c4524993ec31dbe5,0.024919149629859708
ck_8b19bb5b23b6741c,0.10016574710134374
ck_d21b38231a8a9f4a,0.2177849672807605
ck_3f730318a9792292,0.11483501592029716
ck_a4db6e94a8f77f9d,0.5636107998855144
ck_a8cac8d480306839,0.0151828250270628
ck_5472214011fbc2a7,0.043542037457233264
ck_7356f47dbbbe7904,0.027865960645867365
ck_16801e628e883d78,0.035128874018525366
ck_0dc1e536231c4860,0.07567615643838575
ck_7cd0634a6e60af83,0.029002762043670076
ck_ef6f8e048ae1bd4b,0.02946664591453702
ck_82f3f744209888ac,0.1787580943790701
ck_f33188c232a03526,0.5749695898533297
ck_4a59f4e10bf45d7f,0.015222410147535503
ck_d96c893721385e4e,0.01810671737807768
ck_f65ab819373edb37,0.05453774251240214
ck_21cac21fc10b7768,0.04435063566817328
ck_139b54e6ccbdd7da,0.32774876129271985
ck_d6f5c8741697abb3,0.12313998478203893
ck_a28d9bb5590d458f,0.21273091489423587
ck_ed26d906883bea0a,0.03922987772980955
ck_227602ad072b838b,0.014156295400862566
ck_39d5f6c17c745ab1,0.01510365041777607
ck_744eade757ba69b5,0.1346365297917662
ck_c1295d97cdf35ec2,0.04490639339620449
ck_69105f881da3c821,0.18739739176061573
ck_933789b55361d7c1,0.9144332274391778
ck_b667952253503174,0.031676609305099426
ck_7bf668e25abeeb05,0.030544679308926057
ck_91742711dfdffd56,0.1573619766787375
ck_af32a0660090dd68,0.21950869243633483
ck_2122f201e65f76ee,0.03568913332401138
ck_f48acb73a5d6af07,0.10639178431111568
ck_337c5684510cf432,0.14399038751533547
ck_f7bde7265053364d,0.10846578611046244
ck_c190c7b924edba75,0.2672595427895759
ck_044fa3b3a003f0b5,0.03925677004265859
ck_87eb43e3b9d96169,0.24799915255987856
ck_2d3d6c9364362017,0.026108955955632358
ck_ac55dc6cbcdf8228,0.047537260821937356
ck_61d7b0568ec5d6cf,0.059412658529967674
ck_89c74feeaffa7d09,0.017100880249926176
ck_93776b0c113f41f0,0.24128717333681848
ck_15e0b679931f7a8d,0.05714493754768447
ck_77b56c49cfdb1d81,0.5181042391682049
ck_73188a826b5f499f,0.03885417646438331
ck_4f463ef25325ddfa,0.6861823862686585
ck_863db2e394dc47d1,0.9589460069574682
ck_d52432ed597f3cc9,0.04019070826873585
ck_04fb61e5739642f8,0.39610099631524065
ck_2e481d75d110c06d,0.32743443581717935
ck_3fa1a523d77cd619,0.09465738128220427
ck_466dc6274fecd708,0.10795644401563287
ck_e1790b3aa2241b10,0.9473250118565998
ck_84ad096a46e1a960,0.08675807430195118
ck_3be72c9c178fa00d,0.11898608935059317
ck_5a17c89219d1d9fe,0.15758796089053093
ck_4f639f4ee6ce8d9e,0.2287806625237413
ck_f4ec4a935e51b4db,0.15917844334690592
ck_f04040a830f92bac,0.02503237222225005
ck_3e4d02a04be2aaf8,0.21684062759475625
ck_4d1baef193cfb900,0.1420926714038662
ck_0fb3153d37626b75,0.016101901737663883
ck_88ec57a11b11f702,0.9595260535403635
ck_dca9dc465f759db4,0.02422422665397609
ck_64f5fba6af67e024,0.07367151559162513
ck_896096cb167254ef,0.25652342461020583
ck_7878679065876b98,0.20111674822019357
ck_fe8e5a6c880ceb4e,0.027258736358501578
ck_a5e036327d3d1862,0.016012475749983702
ck_310f73940fc4cf4f,0.04547650976455072
ck_46a8db16ad00b749,0.1704808163697651
ck_0d33977c3de8cfaf,0.9857484951312829
ck_c6fff412f531db0f,0.01065134143924681
ck_bac6dadf428eaea9,0.1459769243637918
ck_1b96d9af0d7da2d5,0.019584801480314367
ck_fa8a4a9e77799fcc,0.02792920765504303
ck_0bf48607a874b4d1,0.015450723124693175
ck_eeb75f8a6439f65e,0.08930553436900665
ck_a209a5f7d172125e,0.059253750014518256
ck_8f346b72fb40bf14,0.09106697176516701
ck_bccbf9fef367f00f,0.15395310185068653
ck_2d1548f1ee405cc9,0.0368825298333947
ck_e8298ff2dc1e9d50,0.038601332520798316
ck_77c0fb524edb4a94,0.02374130434871673
ck_28ac4c5134cb8e77,0.052782532323072805
ck_db23a0e3e54be60c,0.9134798376106916
ck_a059d00cee5cee99,0.03822469862082389
ck_3e9e3bba8bd363af,0.02004163052402402
ck_0428728df24cdab4,0.09924269871619402
ck_88cd35378075c84f,0.019280047717052162
ck_0174d76398d9dc0f,0.04905535866449294
ck_3f1287e6c27de0dc,0.10221922595069992
ck_ff822700f3605e06,0.9626024074338277
ck_4563227b2038ae07,0.32910502370846323
ck_788e78065526ee19,0.17231648727142057
ck_8a16eb584093b12f,0.019413852187258673
ck_cc276f71ab6c08fd,0.18903396326495656
ck_d61d97b21002f3e9,0.22448075948496088
ck_4b2e87d86a5e415c,0.12219248313347182
ck_3e6f35e4500d2f2a,0.026608424426007814
ck_3acdb083e0d8ad61,0.03273349159665779
ck_cd655202db489010,0.01911543574318126
ck_829cbf5ccda481ae,0.03543890280490395
ck_f5882e6f98b8b4cd,0.022598901129842114
ck_767947540b234add,0.05616291389893349
ck_a6e8e8f535b1f1d1,0.3249605221108996
ck_58412a2674fea506,0.1472035559260468
ck_fae7e518a585fa61,0.2557494065326787
ck_9c60ae6958d68dbd,0.7044793952435887
ck_328696b8f5e54ec6,0.5657480377284908
ck_7df3f8f4f1068d62,0.023570467959546502
ck_cfadd21458230ef7,0.037425247941673956
ck_7048bedd554c703b,0.011488755297551067
ck_50422466f145bfd7,0.024028424159119814
ck_61e1f7168cd9ff25,0.3174243323438079
ck_733aff0f56f5b3c9,0.06788667868825728
ck_e14892e424180549,0.013634660344724308
ck_03f6664a96de7d0f,0.06595090828041324
ck_b7f4baa2cc82fe61,0.028628814816243773
ck_1e51199a075ca0fa,0.040554584704438575
ck_0e70516fa07cfb17,0.9699581134365094
ck_0f37c554a5057801,0.9105284020479545
ck_5576b725de38d106,0.0782589740300632
ck_82f360df1e9f4eb8,0.299813695359698
ck_395f3bd4aacd7ca6,0.0435089112353876
ck_5e8e857b63966609,0.27381473699656533
ck_93470896f0804b6b,0.9545965258848181
ck_3be854e42e76569a,0.03877378104149313
ck_0567302c57a2417e,0.43606403466632193
ck_ee535461b5f05539,0.40802360665992726
ck_94a096c36162a153,0.058939042475488146
ck_dfc8f5c141fd7c63,0.19827215705073883
ck_98b34f2d704c1c2a,0.10490294919158408
ck_96dff7a09d45f116,0.3275412073440423
ck_79557434c129ba52,0.03224339006269218
ck_4596624a7c01d501,0.07111577315945494
ck_04e89fbd739243fa,0.009967355271369825
ck_6149ffaf18872dc8,0.013502221519532258
ck_cd78f0832a09bd8f,0.8745467920388672
ck_7e29c10d781c3b41,0.0814144150602233
ck_1f7ee7b23fc6f2f4,0.036493574311175225
ck_c49b685d2b3ab89a,0.07171276483397962
ck_84569a8fc50e73ac,0.0567431318694599
ck_b92b11d205af91eb,0.01825304217357132
ck_06280e6d6d2485b0,0.05589777856455157
ck_3c08546dd0c92863,0.11560753770555185
ck_99d3983f907828bf,0.02377808041972074
ck_eccfd552aa652d3c,0.11322019940585612
ck_0cff8153881875ba,0.03221673064848938
ck_c1aebbeca6ab5ff9,0.040338947709777466
ck_538fdbbb3c2bcbbb,0.1980013912634895
ck_8c0210322733c718,0.051791702533344766
ck_0b0c93039f987abc,0.03671321729101817
ck_6d07d6d1bd227d37,0.364821052495765
ck_9b6ee35e8cd0b11c,0.0225076903976864
ck_d838491d3d4f5ecf,0.023877992693089482
ck_0593ae243a9ebee9,0.11488054440285829
ck_ef261fc09be8eb0b,0.03276847964031853
ck_d0935b571a4a3868,0.038358484212734814
ck_97d04a67a104af39,0.1525108904134852
ck_e25f70d0b7229420,0.10348727308880806
ck_9b71274ff83de482,0.9422322484695136
ck_6de2aa2bb60978d3,0.21351216692674443
ck_eda55c8fb47593d7,0.09012354854371099
ck_924e572517515f19,0.5153463305028999
ck_d6f27eacbad310f4,0.08641813178745832
ck_8550f229b5eb03ab,0.035330141105079337
ck_e3e95546a84d0ed8,0.053554812263357544
ck_3135c019696ee6af,0.9284509018994906
ck_41ba315d8fccb559,0.06403301230259485
ck_72b86e4485da2d0f,0.9703150675293034
ck_daaa995f3c2f0e47,0.13723894903079137
ck_053746067839696b,0.09306502532927108
ck_a15fe7d0f4b65c33,0.8127648194481641
ck_15de11438732bb05,0.029205748004507995
ck_2c4d25acbe3fabd9,0.4817625761714653
ck_7f08078908599bd2,0.12131708510314833
ck_e794741742fb2619,0.07579796367466222
ck_238e53b6dee8c301,0.01459233102954992
ck_53a6a33060d5c8b8,0.022081543653799492
ck_0e0919292ad33472,0.8669951242308042
ck_d86ccf148c06c8c8,0.1468742406513907
ck_c881f26c9bf9ae42,0.8399585310748177
ck_4b0947bf94e9d847,0.11906861291154347
ck_e10ff5c38bd18470,0.06902061191290218
ck_b60de9e97aad9e45,0.9039425684277835
ck_190bc849e5ff5401,0.12708376266610688
ck_e7be077aa0b2632c,0.03985332016885746
ck_a51abde881ebeff3,0.16482795224644656
ck_2208392a9f6bd249,0.14651072285963457
ck_0259da8f109017e9,0.01723828771438359
ck_05e01ab9c95449da,0.0596122944201844
ck_c82897ebffb6ae66,0.02861473282761128
ck_b4a6bb4689cd7cfa,0.16808035067148336
ck_9e21ea33018ce538,0.05586443865113662
ck_caa348f0e65db062,0.9594919939720312
ck_a964e6b5d8415334,0.8489632925716318
ck_510bfbbee37ff436,0.0669202180617385
ck_9741a82faf5c7889,0.2048917602671846
ck_e7f61b4a39ba98ac,0.01909580063310584
ck_069d158665a53909,0.11948657384843703
ck_6426427efe3228af,0.14373420928971697
ck_ab4a8d02ec3c0fd7,0.014156737944616984
ck_aefa0d8d933e0eca,0.14896213390673685
ck_232325ef6bce92f1,0.06633346850199612
ck_14e58c3fb26a2b4d,0.08483792561041348
ck_06e73afdec26aecc,0.4118305950268144
ck_3168f4f2778d64e1,0.04860974554346582
ck_ff3998d6858daa21,0.01269281459290323
ck_bccff46fb0868454,0.7357484110318913
ck_c7d444d90fa86d7c,0.854627924767291
ck_f0bc3bdee6bfbb94,0.06529769457786411
ck_f7112818a6d81422,0.12296913881368567
ck_aca35dbcb835ad02,0.47182087279140406
ck_f637fabf0f60528f,0.051766165655228874
ck_53d17ab97de1ac3e,0.02382692934167753
ck_c8c1bf16d9113493,0.05725816679743084
ck_e842fb0cf055a83b,0.24173721517808996
ck_93c0cb3dac4891fe,0.07237472951613608
ck_0c1f088e17e46daf,0.10564680521452247
ck_8f4b384955bf57c9,0.024768266228503068
ck_09cd5c4df1e81ac2,0.3850810136025253
ck_1e832a5b2342554f,0.09567265021919132
ck_2cb763a881aee27f,0.024543615826368867
ck_5875828b11406398,0.08990924184713767
ck_48e84b0cb0b90fa7,0.10749017188082202
ck_833688de8629c5c0,0.014569475176209452
ck_117d78ccd5820f36,0.04486365697103915
ck_668ec61c4c39cae3,0.013197533561681607
ck_73a7794b659d7a34,0.04659910596284751
ck_10f90d879209734f,0.08783572060267796
ck_d1d079913aa158bf,0.025263150543050367
ck_01c631b38e8a9535,0.11376269646277924
ck_f6923088c17a04e2,0.46652608503502324
ck_b447badc9138987d,0.019567848604277512
ck_8b772caed8f1541c,0.04215749444094356
ck_5403c76fe68a08ba,0.8027089300826199
ck_3e6833574edf1736,0.030032438370889175
ck_e527fbb9450a4581,0.9008755179134352
ck_cc90e219f1ebf390,0.024868043943390736
